"Date","Price","Open","High","Low","Vol.","Change %"
"12/31/2020","1.2213","1.2298","1.2310","1.2209","","-0.67%"
"12/30/2020","1.2295","1.2248","1.2311","1.2245","","0.39%"
"12/29/2020","1.2247","1.2217","1.2276","1.2208","","0.27%"
"12/28/2020","1.2214","1.2202","1.2251","1.2180","","0.08%"
"12/25/2020","1.2204","1.2187","1.2212","1.2165","","0.15%"
"12/24/2020","1.2186","1.2188","1.2216","1.2176","","0.01%"
"12/23/2020","1.2185","1.2163","1.2222","1.2154","","0.20%"
"12/22/2020","1.2161","1.2244","1.2258","1.2152","","-0.66%"
"12/21/2020","1.2242","1.2242","1.2254","1.2130","","-0.11%"
"12/18/2020","1.2255","1.2268","1.2273","1.2225","","-0.09%"
"12/17/2020","1.2266","1.2199","1.2274","1.2191","","0.57%"
"12/16/2020","1.2197","1.2152","1.2213","1.2125","","0.38%"
"12/15/2020","1.2151","1.2144","1.2171","1.2121","","0.07%"
"12/14/2020","1.2143","1.2131","1.2178","1.2115","","0.26%"
"12/11/2020","1.2111","1.2137","1.2163","1.2104","","-0.21%"
"12/10/2020","1.2136","1.2083","1.2159","1.2075","","0.46%"
"12/09/2020","1.2081","1.2103","1.2149","1.2058","","-0.17%"
"12/08/2020","1.2101","1.2109","1.2135","1.2095","","-0.06%"
"12/07/2020","1.2108","1.2129","1.2167","1.2078","","-0.10%"
"12/04/2020","1.2120","1.2142","1.2178","1.2110","","-0.16%"
"12/03/2020","1.2140","1.2115","1.2176","1.2100","","0.21%"
"12/02/2020","1.2115","1.2070","1.2119","1.2039","","0.37%"
"12/01/2020","1.2070","1.1928","1.2077","1.1926","","1.19%"
"11/30/2020","1.1928","1.1957","1.2005","1.1923","","-0.28%"
"11/27/2020","1.1962","1.1914","1.1965","1.1907","","0.41%"
"11/26/2020","1.1913","1.1916","1.1942","1.1885","","0.00%"
"11/25/2020","1.1913","1.1891","1.1931","1.1881","","0.21%"
"11/24/2020","1.1888","1.1842","1.1896","1.1837","","0.41%"
"11/23/2020","1.1840","1.1853","1.1907","1.1800","","-0.11%"
"11/20/2020","1.1853","1.1875","1.1892","1.1850","","-0.17%"
"11/19/2020","1.1873","1.1854","1.1883","1.1816","","0.18%"
"11/18/2020","1.1852","1.1863","1.1893","1.1849","","-0.08%"
"11/17/2020","1.1861","1.1852","1.1894","1.1843","","0.07%"
"11/16/2020","1.1853","1.1829","1.1870","1.1814","","0.18%"
"11/13/2020","1.1832","1.1805","1.1838","1.1799","","0.24%"
"11/12/2020","1.1804","1.1777","1.1824","1.1758","","0.23%"
"11/11/2020","1.1777","1.1810","1.1835","1.1745","","-0.31%"
"11/10/2020","1.1814","1.1813","1.1844","1.1780","","0.01%"
"11/09/2020","1.1813","1.1881","1.1921","1.1795","","-0.50%"
"11/06/2020","1.1872","1.1827","1.1892","1.1795","","0.43%"
"11/05/2020","1.1821","1.1725","1.1860","1.1711","","0.84%"
"11/04/2020","1.1722","1.1715","1.1770","1.1604","","0.09%"
"11/03/2020","1.1711","1.1641","1.1740","1.1633","","0.61%"
"11/02/2020","1.1640","1.1658","1.1658","1.1622","","-0.06%"
"10/30/2020","1.1647","1.1674","1.1705","1.1639","","-0.23%"
"10/29/2020","1.1674","1.1747","1.1759","1.1650","","-0.60%"
"10/28/2020","1.1744","1.1795","1.1799","1.1717","","-0.43%"
"10/27/2020","1.1795","1.1810","1.1839","1.1793","","-0.11%"
"10/26/2020","1.1808","1.1858","1.1861","1.1803","","-0.43%"
"10/23/2020","1.1859","1.1819","1.1866","1.1787","","0.36%"
"10/22/2020","1.1816","1.1862","1.1868","1.1812","","-0.38%"
"10/21/2020","1.1861","1.1822","1.1881","1.1821","","0.34%"
"10/20/2020","1.1821","1.1770","1.1841","1.1759","","0.47%"
"10/19/2020","1.1766","1.1721","1.1795","1.1703","","0.41%"
"10/16/2020","1.1718","1.1708","1.1747","1.1694","","0.10%"
"10/15/2020","1.1706","1.1748","1.1759","1.1688","","-0.34%"
"10/14/2020","1.1746","1.1746","1.1772","1.1719","","0.02%"
"10/13/2020","1.1744","1.1813","1.1817","1.1731","","-0.58%"
"10/12/2020","1.1813","1.1820","1.1828","1.1786","","-0.09%"
"10/09/2020","1.1824","1.1759","1.1833","1.1753","","0.56%"
"10/08/2020","1.1758","1.1762","1.1782","1.1732","","-0.02%"
"10/07/2020","1.1760","1.1735","1.1783","1.1725","","0.22%"
"10/06/2020","1.1734","1.1782","1.1809","1.1732","","-0.40%"
"10/05/2020","1.1781","1.1716","1.1799","1.1707","","0.58%"
"10/02/2020","1.1713","1.1748","1.1751","1.1696","","-0.29%"
"10/01/2020","1.1747","1.1719","1.1771","1.1717","","0.25%"
"09/30/2020","1.1718","1.1743","1.1756","1.1685","","-0.20%"
"09/29/2020","1.1742","1.1666","1.1747","1.1660","","0.67%"
"09/28/2020","1.1664","1.1638","1.1679","1.1614","","0.29%"
"09/25/2020","1.1630","1.1671","1.1686","1.1612","","-0.36%"
"09/24/2020","1.1672","1.1660","1.1689","1.1626","","0.11%"
"09/23/2020","1.1659","1.1708","1.1719","1.1651","","-0.40%"
"09/22/2020","1.1706","1.1771","1.1774","1.1692","","-0.54%"
"09/21/2020","1.1769","1.1848","1.1873","1.1731","","-0.57%"
"09/18/2020","1.1837","1.1849","1.1871","1.1827","","-0.08%"
"09/17/2020","1.1847","1.1816","1.1854","1.1736","","0.28%"
"09/16/2020","1.1814","1.1850","1.1883","1.1787","","-0.26%"
"09/15/2020","1.1845","1.1865","1.1900","1.1839","","-0.19%"
"09/14/2020","1.1868","1.1840","1.1889","1.1830","","0.19%"
"09/11/2020","1.1845","1.1814","1.1875","1.1813","","0.27%"
"09/10/2020","1.1813","1.1801","1.1917","1.1800","","0.09%"
"09/09/2020","1.1802","1.1777","1.1835","1.1753","","0.20%"
"09/08/2020","1.1779","1.1817","1.1829","1.1765","","-0.32%"
"09/07/2020","1.1817","1.1833","1.1850","1.1812","","-0.18%"
"09/04/2020","1.1838","1.1850","1.1866","1.1780","","-0.09%"
"09/03/2020","1.1849","1.1852","1.1866","1.1789","","-0.03%"
"09/02/2020","1.1853","1.1911","1.1931","1.1822","","-0.48%"
"09/01/2020","1.1910","1.1936","1.2013","1.1900","","-0.22%"
"08/31/2020","1.1936","1.1899","1.1967","1.1883","","0.28%"
"08/28/2020","1.1903","1.1822","1.1921","1.1811","","0.69%"
"08/27/2020","1.1821","1.1831","1.1902","1.1762","","-0.07%"
"08/26/2020","1.1829","1.1835","1.1841","1.1772","","-0.03%"
"08/25/2020","1.1833","1.1793","1.1845","1.1783","","0.39%"
"08/24/2020","1.1787","1.1787","1.1851","1.1784","","-0.07%"
"08/21/2020","1.1795","1.1860","1.1883","1.1754","","-0.54%"
"08/20/2020","1.1859","1.1839","1.1870","1.1801","","0.19%"
"08/19/2020","1.1836","1.1931","1.1954","1.1830","","-0.78%"
"08/18/2020","1.1929","1.1871","1.1967","1.1865","","0.51%"
"08/17/2020","1.1869","1.1840","1.1881","1.1829","","0.24%"
"08/14/2020","1.1841","1.1815","1.1852","1.1782","","0.25%"
"08/13/2020","1.1812","1.1786","1.1865","1.1780","","0.25%"
"08/12/2020","1.1782","1.1740","1.1816","1.1711","","0.37%"
"08/11/2020","1.1739","1.1738","1.1808","1.1722","","0.03%"
"08/10/2020","1.1736","1.1788","1.1803","1.1736","","-0.42%"
"08/07/2020","1.1786","1.1877","1.1885","1.1755","","-0.75%"
"08/06/2020","1.1875","1.1863","1.1917","1.1818","","0.12%"
"08/05/2020","1.1861","1.1802","1.1906","1.1793","","0.52%"
"08/04/2020","1.1800","1.1765","1.1807","1.1721","","0.33%"
"08/03/2020","1.1761","1.1783","1.1797","1.1696","","-0.11%"
"07/31/2020","1.1774","1.1846","1.1910","1.1760","","-0.61%"
"07/30/2020","1.1846","1.1788","1.1849","1.1731","","0.47%"
"07/29/2020","1.1790","1.1718","1.1807","1.1713","","0.65%"
"07/28/2020","1.1714","1.1753","1.1774","1.1698","","-0.31%"
"07/27/2020","1.1751","1.1647","1.1782","1.1637","","0.83%"
"07/24/2020","1.1654","1.1597","1.1660","1.1580","","0.52%"
"07/23/2020","1.1594","1.1575","1.1628","1.1540","","0.22%"
"07/22/2020","1.1568","1.1528","1.1602","1.1507","","0.36%"
"07/21/2020","1.1526","1.1448","1.1540","1.1423","","0.72%"
"07/20/2020","1.1444","1.1410","1.1469","1.1402","","0.16%"
"07/17/2020","1.1426","1.1384","1.1445","1.1377","","0.38%"
"07/16/2020","1.1383","1.1411","1.1443","1.1370","","-0.24%"
"07/15/2020","1.1410","1.1400","1.1452","1.1391","","0.12%"
"07/14/2020","1.1396","1.1343","1.1410","1.1325","","0.49%"
"07/13/2020","1.1340","1.1300","1.1376","1.1297","","0.37%"
"07/10/2020","1.1298","1.1285","1.1326","1.1254","","0.15%"
"07/09/2020","1.1281","1.1329","1.1372","1.1280","","-0.42%"
"07/08/2020","1.1329","1.1273","1.1353","1.1262","","0.52%"
"07/07/2020","1.1270","1.1308","1.1334","1.1258","","-0.34%"
"07/06/2020","1.1308","1.1242","1.1347","1.1240","","0.53%"
"07/03/2020","1.1248","1.1239","1.1254","1.1219","","0.09%"
"07/02/2020","1.1238","1.1252","1.1304","1.1223","","-0.11%"
"07/01/2020","1.1250","1.1233","1.1275","1.1185","","0.17%"
"06/30/2020","1.1231","1.1242","1.1263","1.1191","","-0.08%"
"06/29/2020","1.1240","1.1227","1.1289","1.1216","","0.21%"
"06/26/2020","1.1217","1.1218","1.1241","1.1195","","0.00%"
"06/25/2020","1.1217","1.1252","1.1261","1.1190","","-0.29%"
"06/24/2020","1.1250","1.1309","1.1327","1.1248","","-0.50%"
"06/23/2020","1.1306","1.1260","1.1350","1.1233","","0.43%"
"06/22/2020","1.1258","1.1185","1.1271","1.1168","","0.74%"
"06/19/2020","1.1175","1.1205","1.1255","1.1168","","-0.24%"
"06/18/2020","1.1202","1.1244","1.1264","1.1186","","-0.36%"
"06/17/2020","1.1243","1.1265","1.1295","1.1207","","-0.18%"
"06/16/2020","1.1263","1.1325","1.1353","1.1228","","-0.52%"
"06/15/2020","1.1322","1.1246","1.1334","1.1226","","0.60%"
"06/12/2020","1.1254","1.1299","1.1341","1.1212","","-0.38%"
"06/11/2020","1.1297","1.1374","1.1404","1.1288","","-0.63%"
"06/10/2020","1.1369","1.1340","1.1423","1.1323","","0.26%"
"06/09/2020","1.1340","1.1297","1.1366","1.1241","","0.43%"
"06/08/2020","1.1292","1.1289","1.1321","1.1268","","0.07%"
"06/05/2020","1.1284","1.1338","1.1385","1.1278","","-0.46%"
"06/04/2020","1.1336","1.1234","1.1363","1.1195","","0.93%"
"06/03/2020","1.1232","1.1172","1.1258","1.1167","","0.56%"
"06/02/2020","1.1169","1.1137","1.1197","1.1115","","0.31%"
"06/01/2020","1.1134","1.1096","1.1155","1.1096","","0.32%"
"05/29/2020","1.1098","1.1078","1.1146","1.1069","","0.20%"
"05/28/2020","1.1076","1.1005","1.1094","1.0991","","0.66%"
"05/27/2020","1.1003","1.0983","1.1031","1.0934","","0.21%"
"05/26/2020","1.0980","1.0900","1.0997","1.0892","","0.74%"
"05/25/2020","1.0899","1.0903","1.0915","1.0870","","-0.01%"
"05/22/2020","1.0900","1.0949","1.0961","1.0885","","-0.45%"
"05/21/2020","1.0949","1.0980","1.1010","1.0937","","-0.26%"
"05/20/2020","1.0977","1.0928","1.1000","1.0918","","0.51%"
"05/19/2020","1.0921","1.0913","1.0978","1.0902","","0.08%"
"05/18/2020","1.0912","1.0816","1.0928","1.0800","","0.90%"
"05/15/2020","1.0815","1.0805","1.0851","1.0789","","0.10%"
"05/14/2020","1.0804","1.0819","1.0825","1.0774","","-0.11%"
"05/13/2020","1.0816","1.0848","1.0897","1.0811","","-0.28%"
"05/12/2020","1.0846","1.0807","1.0886","1.0784","","0.37%"
"05/11/2020","1.0806","1.0838","1.0851","1.0801","","-0.31%"
"05/08/2020","1.0840","1.0833","1.0877","1.0814","","0.07%"
"05/07/2020","1.0832","1.0795","1.0835","1.0766","","0.35%"
"05/06/2020","1.0794","1.0837","1.0848","1.0782","","-0.41%"
"05/05/2020","1.0838","1.0907","1.0926","1.0825","","-0.62%"
"05/04/2020","1.0906","1.0981","1.0981","1.0895","","-0.70%"
"05/01/2020","1.0983","1.0956","1.1019","1.0934","","0.26%"
"04/30/2020","1.0955","1.0872","1.0973","1.0833","","0.75%"
"04/29/2020","1.0873","1.0820","1.0886","1.0818","","0.51%"
"04/28/2020","1.0818","1.0829","1.0890","1.0810","","-0.09%"
"04/27/2020","1.0828","1.0809","1.0863","1.0808","","0.07%"
"04/24/2020","1.0820","1.0778","1.0831","1.0726","","0.41%"
"04/23/2020","1.0776","1.0824","1.0848","1.0756","","-0.43%"
"04/22/2020","1.0822","1.0857","1.0886","1.0802","","-0.31%"
"04/21/2020","1.0856","1.0862","1.0882","1.0816","","-0.06%"
"04/20/2020","1.0862","1.0875","1.0898","1.0841","","-0.13%"
"04/17/2020","1.0876","1.0835","1.0894","1.0812","","0.38%"
"04/16/2020","1.0835","1.0911","1.0913","1.0817","","-0.66%"
"04/15/2020","1.0907","1.0981","1.0991","1.0857","","-0.66%"
"04/14/2020","1.0979","1.0914","1.0988","1.0904","","0.60%"
"04/13/2020","1.0913","1.0942","1.0968","1.0892","","-0.20%"
"04/10/2020","1.0935","1.0930","1.0953","1.0919","","0.07%"
"04/09/2020","1.0927","1.0857","1.0953","1.0841","","0.65%"
"04/08/2020","1.0856","1.0891","1.0904","1.0829","","-0.30%"
"04/07/2020","1.0889","1.0793","1.0926","1.0784","","0.91%"
"04/06/2020","1.0791","1.0814","1.0836","1.0768","","-0.16%"
"04/03/2020","1.0808","1.0858","1.0865","1.0772","","-0.44%"
"04/02/2020","1.0856","1.0964","1.0970","1.0821","","-0.97%"
"04/01/2020","1.0962","1.1031","1.1040","1.0903","","-0.61%"
"03/31/2020","1.1029","1.1049","1.1056","1.0926","","-0.15%"
"03/30/2020","1.1046","1.1136","1.1145","1.1010","","-0.84%"
"03/27/2020","1.1140","1.1030","1.1147","1.0953","","1.02%"
"03/26/2020","1.1028","1.0881","1.1060","1.0869","","1.36%"
"03/25/2020","1.0880","1.0789","1.0894","1.0761","","0.86%"
"03/24/2020","1.0787","1.0726","1.0889","1.0722","","0.62%"
"03/23/2020","1.0721","1.0696","1.0829","1.0637","","0.25%"
"03/20/2020","1.0694","1.0692","1.0832","1.0637","","0.04%"
"03/19/2020","1.0690","1.0915","1.0982","1.0655","","-2.04%"
"03/18/2020","1.0913","1.0997","1.1046","1.0802","","-0.75%"
"03/17/2020","1.0996","1.1183","1.1190","1.0955","","-1.65%"
"03/16/2020","1.1181","1.1085","1.1237","1.1046","","0.68%"
"03/13/2020","1.1105","1.1185","1.1223","1.1054","","-0.70%"
"03/12/2020","1.1183","1.1269","1.1334","1.1055","","-0.75%"
"03/11/2020","1.1267","1.1281","1.1368","1.1257","","-0.11%"
"03/10/2020","1.1279","1.1446","1.1459","1.1275","","-1.47%"
"03/09/2020","1.1447","1.1292","1.1494","1.1284","","1.44%"
"03/06/2020","1.1285","1.1238","1.1356","1.1212","","0.41%"
"03/05/2020","1.1239","1.1136","1.1246","1.1119","","0.94%"
"03/04/2020","1.1134","1.1172","1.1188","1.1094","","-0.33%"
"03/03/2020","1.1171","1.1133","1.1214","1.1095","","0.35%"
"03/02/2020","1.1132","1.1003","1.1187","1.1003","","0.97%"
"02/28/2020","1.1025","1.1001","1.1054","1.0951","","0.25%"
"02/27/2020","1.0998","1.0881","1.1006","1.0879","","1.09%"
"02/26/2020","1.0879","1.0881","1.0909","1.0854","","0.00%"
"02/25/2020","1.0879","1.0854","1.0891","1.0829","","0.25%"
"02/24/2020","1.0852","1.0841","1.0873","1.0805","","0.08%"
"02/21/2020","1.0843","1.0785","1.0865","1.0784","","0.56%"
"02/20/2020","1.0783","1.0806","1.0822","1.0777","","-0.19%"
"02/19/2020","1.0804","1.0791","1.0812","1.0782","","0.12%"
"02/18/2020","1.0791","1.0838","1.0839","1.0785","","-0.40%"
"02/17/2020","1.0834","1.0832","1.0852","1.0821","","0.04%"
"02/14/2020","1.0830","1.0841","1.0862","1.0827","","-0.09%"
"02/13/2020","1.0840","1.0874","1.0890","1.0833","","-0.29%"
"02/12/2020","1.0871","1.0916","1.0926","1.0865","","-0.39%"
"02/11/2020","1.0914","1.0911","1.0926","1.0890","","0.05%"
"02/10/2020","1.0909","1.0951","1.0959","1.0907","","-0.31%"
"02/07/2020","1.0943","1.0983","1.0986","1.0942","","-0.34%"
"02/06/2020","1.0980","1.1000","1.1014","1.0964","","-0.15%"
"02/05/2020","1.0997","1.1045","1.1048","1.0993","","-0.41%"
"02/04/2020","1.1042","1.1060","1.1065","1.1033","","-0.14%"
"02/03/2020","1.1058","1.1092","1.1096","1.1035","","-0.32%"
"01/31/2020","1.1093","1.1032","1.1097","1.1016","","0.57%"
"01/30/2020","1.1030","1.1010","1.1040","1.1006","","0.19%"
"01/29/2020","1.1009","1.1022","1.1029","1.0991","","-0.10%"
"01/28/2020","1.1020","1.1019","1.1026","1.0998","","0.04%"
"01/27/2020","1.1016","1.1021","1.1039","1.1009","","-0.06%"
"01/24/2020","1.1023","1.1054","1.1063","1.1020","","-0.26%"
"01/23/2020","1.1052","1.1092","1.1109","1.1036","","-0.35%"
"01/22/2020","1.1091","1.1084","1.1099","1.1069","","0.08%"
"01/21/2020","1.1082","1.1095","1.1119","1.1081","","-0.11%"
"01/20/2020","1.1094","1.1092","1.1104","1.1076","","0.05%"
"01/17/2020","1.1088","1.1136","1.1144","1.1086","","-0.42%"
"01/16/2020","1.1135","1.1151","1.1173","1.1128","","-0.13%"
"01/15/2020","1.1149","1.1130","1.1165","1.1118","","0.20%"
"01/14/2020","1.1127","1.1135","1.1146","1.1104","","-0.05%"
"01/13/2020","1.1133","1.1125","1.1147","1.1112","","0.12%"
"01/10/2020","1.1120","1.1106","1.1130","1.1085","","0.14%"
"01/09/2020","1.1105","1.1106","1.1122","1.1092","","0.02%"
"01/08/2020","1.1103","1.1154","1.1169","1.1102","","-0.43%"
"01/07/2020","1.1151","1.1197","1.1198","1.1132","","-0.38%"
"01/06/2020","1.1193","1.1168","1.1207","1.1155","","0.31%"
"01/03/2020","1.1158","1.1172","1.1181","1.1125","","-0.11%"
"01/02/2020","1.1170","1.1212","1.1227","1.1163","","-0.36%"
"01/01/2020","1.1210","1.1212","1.1223","1.1205","","0.00%"
"12/31/2019","1.1210","1.1198","1.1240","1.1197","","0.12%"
"12/30/2019","1.1197","1.1175","1.1223","1.1170","","0.20%"
"12/27/2019","1.1175","1.1096","1.1189","1.1096","","0.71%"
"12/26/2019","1.1096","1.1091","1.1110","1.1082","","0.05%"
"12/25/2019","1.1090","1.1089","1.1107","1.1073","","0.03%"
"12/24/2019","1.1087","1.1089","1.1095","1.1069","","0.01%"
"12/23/2019","1.1086","1.1081","1.1096","1.1069","","0.07%"
"12/20/2019","1.1078","1.1122","1.1127","1.1066","","-0.38%"
"12/19/2019","1.1120","1.1113","1.1145","1.1107","","0.08%"
"12/18/2019","1.1111","1.1150","1.1155","1.1110","","-0.34%"
"12/17/2019","1.1149","1.1143","1.1176","1.1128","","0.06%"
"12/16/2019","1.1142","1.1122","1.1159","1.1122","","0.21%"
"12/13/2019","1.1119","1.1130","1.1201","1.1111","","-0.08%"
"12/12/2019","1.1128","1.1130","1.1155","1.1103","","0.00%"
"12/11/2019","1.1128","1.1092","1.1146","1.1069","","0.32%"
"12/10/2019","1.1092","1.1064","1.1099","1.1062","","0.27%"
"12/09/2019","1.1062","1.1054","1.1079","1.1052","","0.05%"
"12/06/2019","1.1057","1.1105","1.1111","1.1040","","-0.41%"
"12/05/2019","1.1102","1.1079","1.1109","1.1077","","0.23%"
"12/04/2019","1.1076","1.1082","1.1117","1.1066","","-0.05%"
"12/03/2019","1.1081","1.1079","1.1094","1.1065","","0.04%"
"12/02/2019","1.1077","1.1014","1.1090","1.1003","","0.56%"
"11/29/2019","1.1015","1.1008","1.1029","1.0981","","0.07%"
"11/28/2019","1.1007","1.0999","1.1019","1.0999","","0.08%"
"11/27/2019","1.0998","1.1020","1.1026","1.0991","","-0.18%"
"11/26/2019","1.1018","1.1014","1.1027","1.1006","","0.05%"
"11/25/2019","1.1013","1.1024","1.1033","1.1004","","-0.08%"
"11/22/2019","1.1022","1.1059","1.1087","1.1014","","-0.32%"
"11/21/2019","1.1057","1.1074","1.1098","1.1052","","-0.14%"
"11/20/2019","1.1072","1.1078","1.1083","1.1052","","-0.05%"
"11/19/2019","1.1078","1.1072","1.1085","1.1062","","0.07%"
"11/18/2019","1.1070","1.1052","1.1091","1.1048","","0.18%"
"11/15/2019","1.1050","1.1022","1.1058","1.1014","","0.26%"
"11/14/2019","1.1021","1.1006","1.1028","1.0989","","0.14%"
"11/13/2019","1.1006","1.1010","1.1021","1.0995","","-0.01%"
"11/12/2019","1.1007","1.1033","1.1040","1.1002","","-0.23%"
"11/11/2019","1.1032","1.1022","1.1044","1.1016","","0.15%"
"11/08/2019","1.1016","1.1050","1.1056","1.1016","","-0.30%"
"11/07/2019","1.1049","1.1066","1.1092","1.1035","","-0.14%"
"11/06/2019","1.1065","1.1075","1.1094","1.1064","","-0.08%"
"11/05/2019","1.1074","1.1128","1.1141","1.1063","","-0.47%"
"11/04/2019","1.1126","1.1166","1.1176","1.1124","","-0.35%"
"11/01/2019","1.1165","1.1152","1.1172","1.1128","","0.13%"
"10/31/2019","1.1150","1.1151","1.1176","1.1130","","0.02%"
"10/30/2019","1.1148","1.1112","1.1153","1.1080","","0.34%"
"10/29/2019","1.1110","1.1099","1.1120","1.1073","","0.11%"
"10/28/2019","1.1098","1.1082","1.1108","1.1075","","0.18%"
"10/25/2019","1.1078","1.1104","1.1124","1.1073","","-0.23%"
"10/24/2019","1.1104","1.1131","1.1164","1.1092","","-0.22%"
"10/23/2019","1.1129","1.1125","1.1141","1.1106","","0.04%"
"10/22/2019","1.1124","1.1150","1.1158","1.1118","","-0.22%"
"10/21/2019","1.1148","1.1143","1.1180","1.1137","","-0.19%"
"10/18/2019","1.1169","1.1125","1.1173","1.1114","","0.42%"
"10/17/2019","1.1122","1.1072","1.1141","1.1065","","0.47%"
"10/16/2019","1.1070","1.1033","1.1087","1.1022","","0.35%"
"10/15/2019","1.1031","1.1029","1.1047","1.0991","","0.03%"
"10/14/2019","1.1028","1.1044","1.1050","1.1012","","-0.11%"
"10/11/2019","1.1040","1.1006","1.1064","1.1001","","0.33%"
"10/10/2019","1.1004","1.0972","1.1035","1.0970","","0.32%"
"10/09/2019","1.0969","1.0957","1.0991","1.0951","","0.14%"
"10/08/2019","1.0954","1.0971","1.0997","1.0941","","-0.15%"
"10/07/2019","1.0970","1.0976","1.1001","1.0962","","-0.05%"
"10/04/2019","1.0976","1.0964","1.0999","1.0957","","0.11%"
"10/03/2019","1.0964","1.0959","1.1001","1.0941","","0.05%"
"10/02/2019","1.0958","1.0932","1.0965","1.0904","","0.26%"
"10/01/2019","1.0930","1.0900","1.0944","1.0879","","0.29%"
"09/30/2019","1.0898","1.0940","1.0949","1.0885","","-0.37%"
"09/27/2019","1.0938","1.0921","1.0960","1.0905","","0.16%"
"09/26/2019","1.0921","1.0943","1.0968","1.0909","","-0.18%"
"09/25/2019","1.0941","1.1020","1.1025","1.0937","","-0.70%"
"09/24/2019","1.1018","1.0994","1.1025","1.0983","","0.25%"
"09/23/2019","1.0991","1.1016","1.1027","1.0966","","-0.24%"
"09/20/2019","1.1017","1.1042","1.1069","1.0995","","-0.21%"
"09/19/2019","1.1040","1.1030","1.1075","1.1023","","0.10%"
"09/18/2019","1.1029","1.1073","1.1077","1.1014","","-0.38%"
"09/17/2019","1.1071","1.1000","1.1075","1.0989","","0.65%"
"09/16/2019","1.1000","1.1087","1.1093","1.0993","","-0.66%"
"09/13/2019","1.1073","1.1063","1.1110","1.1054","","0.11%"
"09/12/2019","1.1061","1.1011","1.1088","1.0926","","0.47%"
"09/11/2019","1.1009","1.1044","1.1056","1.0985","","-0.31%"
"09/10/2019","1.1043","1.1047","1.1061","1.1030","","-0.03%"
"09/09/2019","1.1046","1.1024","1.1069","1.1015","","0.17%"
"09/06/2019","1.1027","1.1035","1.1058","1.1020","","-0.05%"
"09/05/2019","1.1033","1.1037","1.1086","1.1016","","0.00%"
"09/04/2019","1.1033","1.0974","1.1039","1.0968","","0.56%"
"09/03/2019","1.0972","1.0970","1.0980","1.0926","","0.05%"
"09/02/2019","1.0966","1.0989","1.1000","1.0957","","-0.21%"
"08/30/2019","1.0989","1.1056","1.1062","1.0963","","-0.60%"
"08/29/2019","1.1055","1.1077","1.1092","1.1042","","-0.20%"
"08/28/2019","1.1077","1.1090","1.1099","1.1073","","-0.12%"
"08/27/2019","1.1090","1.1103","1.1117","1.1086","","-0.09%"
"08/26/2019","1.1100","1.1146","1.1166","1.1094","","-0.39%"
"08/23/2019","1.1144","1.1080","1.1154","1.1051","","0.60%"
"08/22/2019","1.1078","1.1085","1.1113","1.1063","","-0.05%"
"08/21/2019","1.1083","1.1100","1.1108","1.1081","","-0.14%"
"08/20/2019","1.1099","1.1079","1.1107","1.1066","","0.21%"
"08/19/2019","1.1076","1.1092","1.1115","1.1075","","-0.12%"
"08/16/2019","1.1089","1.1107","1.1113","1.1066","","-0.15%"
"08/15/2019","1.1106","1.1139","1.1160","1.1090","","-0.29%"
"08/14/2019","1.1138","1.1170","1.1191","1.1130","","-0.28%"
"08/13/2019","1.1169","1.1214","1.1229","1.1170","","-0.38%"
"08/12/2019","1.1212","1.1204","1.1231","1.1162","","0.13%"
"08/09/2019","1.1198","1.1181","1.1224","1.1180","","0.18%"
"08/08/2019","1.1178","1.1199","1.1233","1.1177","","-0.17%"
"08/07/2019","1.1197","1.1199","1.1243","1.1179","","-0.01%"
"08/06/2019","1.1198","1.1203","1.1250","1.1168","","-0.04%"
"08/05/2019","1.1202","1.1103","1.1214","1.1103","","0.86%"
"08/02/2019","1.1107","1.1086","1.1118","1.1069","","0.22%"
"08/01/2019","1.1083","1.1076","1.1096","1.1027","","0.08%"
"07/31/2019","1.1074","1.1155","1.1163","1.1060","","-0.71%"
"07/30/2019","1.1153","1.1144","1.1162","1.1132","","0.08%"
"07/29/2019","1.1144","1.1127","1.1151","1.1113","","0.17%"
"07/26/2019","1.1125","1.1147","1.1151","1.1111","","-0.18%"
"07/25/2019","1.1145","1.1141","1.1189","1.1101","","0.05%"
"07/24/2019","1.1139","1.1152","1.1159","1.1127","","-0.11%"
"07/23/2019","1.1151","1.1210","1.1211","1.1145","","-0.51%"
"07/22/2019","1.1208","1.1218","1.1226","1.1206","","-0.11%"
"07/19/2019","1.1220","1.1277","1.1283","1.1203","","-0.49%"
"07/18/2019","1.1275","1.1224","1.1282","1.1205","","0.46%"
"07/17/2019","1.1223","1.1211","1.1235","1.1200","","0.12%"
"07/16/2019","1.1209","1.1258","1.1265","1.1201","","-0.43%"
"07/15/2019","1.1257","1.1269","1.1285","1.1252","","-0.11%"
"07/12/2019","1.1269","1.1254","1.1276","1.1237","","0.15%"
"07/11/2019","1.1252","1.1251","1.1287","1.1245","","0.03%"
"07/10/2019","1.1249","1.1208","1.1264","1.1201","","0.38%"
"07/09/2019","1.1206","1.1215","1.1220","1.1193","","-0.07%"
"07/08/2019","1.1214","1.1223","1.1235","1.1207","","-0.09%"
"07/05/2019","1.1224","1.1285","1.1289","1.1207","","-0.53%"
"07/04/2019","1.1284","1.1277","1.1296","1.1273","","0.06%"
"07/03/2019","1.1277","1.1285","1.1311","1.1268","","-0.05%"
"07/02/2019","1.1283","1.1286","1.1321","1.1275","","-0.02%"
"07/01/2019","1.1285","1.1376","1.1376","1.1281","","-0.73%"
"06/28/2019","1.1368","1.1370","1.1394","1.1351","","0.00%"
"06/27/2019","1.1368","1.1369","1.1383","1.1348","","0.00%"
"06/26/2019","1.1368","1.1366","1.1391","1.1348","","0.03%"
"06/25/2019","1.1365","1.1399","1.1413","1.1344","","-0.27%"
"06/24/2019","1.1396","1.1361","1.1405","1.1361","","0.26%"
"06/21/2019","1.1366","1.1292","1.1378","1.1282","","0.66%"
"06/20/2019","1.1291","1.1226","1.1319","1.1226","","0.60%"
"06/19/2019","1.1224","1.1193","1.1254","1.1187","","0.29%"
"06/18/2019","1.1191","1.1219","1.1244","1.1181","","-0.23%"
"06/17/2019","1.1217","1.1216","1.1248","1.1204","","0.09%"
"06/14/2019","1.1207","1.1283","1.1290","1.1202","","-0.60%"
"06/13/2019","1.1275","1.1287","1.1305","1.1268","","-0.11%"
"06/12/2019","1.1287","1.1326","1.1345","1.1282","","-0.37%"
"06/11/2019","1.1329","1.1312","1.1338","1.1302","","0.15%"
"06/10/2019","1.1312","1.1324","1.1332","1.1290","","-0.17%"
"06/07/2019","1.1331","1.1275","1.1349","1.1250","","0.51%"
"06/06/2019","1.1274","1.1229","1.1309","1.1214","","0.49%"
"06/05/2019","1.1219","1.1251","1.1308","1.1219","","-0.28%"
"06/04/2019","1.1251","1.1241","1.1279","1.1226","","0.10%"
"06/03/2019","1.1240","1.1168","1.1264","1.1155","","0.65%"
"05/31/2019","1.1167","1.1134","1.1181","1.1125","","0.33%"
"05/30/2019","1.1130","1.1132","1.1145","1.1115","","0.01%"
"05/29/2019","1.1129","1.1161","1.1174","1.1124","","-0.28%"
"05/28/2019","1.1160","1.1199","1.1204","1.1159","","-0.32%"
"05/27/2019","1.1196","1.1196","1.1216","1.1186","","-0.05%"
"05/24/2019","1.1202","1.1182","1.1214","1.1174","","0.20%"
"05/23/2019","1.1180","1.1151","1.1189","1.1107","","0.25%"
"05/22/2019","1.1152","1.1167","1.1182","1.1147","","-0.05%"
"05/21/2019","1.1158","1.1170","1.1189","1.1141","","-0.11%"
"05/20/2019","1.1170","1.1158","1.1177","1.1149","","0.13%"
"05/17/2019","1.1156","1.1174","1.1186","1.1154","","-0.14%"
"05/16/2019","1.1172","1.1202","1.1227","1.1166","","-0.25%"
"05/15/2019","1.1200","1.1204","1.1226","1.1176","","-0.03%"
"05/14/2019","1.1203","1.1224","1.1247","1.1201","","-0.18%"
"05/13/2019","1.1223","1.1242","1.1267","1.1222","","-0.09%"
"05/10/2019","1.1233","1.1215","1.1254","1.1214","","0.12%"
"05/09/2019","1.1220","1.1192","1.1253","1.1172","","0.26%"
"05/08/2019","1.1191","1.1191","1.1216","1.1182","","0.01%"
"05/07/2019","1.1190","1.1199","1.1223","1.1166","","-0.06%"
"05/06/2019","1.1197","1.1172","1.1210","1.1160","","-0.03%"
"05/03/2019","1.1200","1.1179","1.1208","1.1134","","0.21%"
"05/02/2019","1.1176","1.1203","1.1221","1.1170","","-0.16%"
"05/01/2019","1.1194","1.1216","1.1267","1.1188","","-0.19%"
"04/30/2019","1.1215","1.1187","1.1231","1.1175","","0.27%"
"04/29/2019","1.1185","1.1153","1.1191","1.1141","","0.33%"
"04/26/2019","1.1148","1.1131","1.1176","1.1111","","0.16%"
"04/25/2019","1.1130","1.1161","1.1164","1.1118","","-0.20%"
"04/24/2019","1.1152","1.1229","1.1233","1.1140","","-0.65%"
"04/23/2019","1.1225","1.1258","1.1264","1.1191","","-0.27%"
"04/22/2019","1.1255","1.1245","1.1265","1.1235","","0.08%"
"04/19/2019","1.1246","1.1241","1.1254","1.1229","","0.15%"
"04/18/2019","1.1229","1.1297","1.1307","1.1226","","-0.58%"
"04/17/2019","1.1294","1.1281","1.1326","1.1279","","0.12%"
"04/16/2019","1.1280","1.1304","1.1315","1.1279","","-0.24%"
"04/15/2019","1.1307","1.1300","1.1323","1.1294","","0.06%"
"04/12/2019","1.1300","1.1254","1.1327","1.1252","","0.44%"
"04/11/2019","1.1250","1.1273","1.1291","1.1248","","-0.20%"
"04/10/2019","1.1273","1.1264","1.1288","1.1229","","0.11%"
"04/09/2019","1.1261","1.1271","1.1287","1.1254","","0.02%"
"04/08/2019","1.1259","1.1218","1.1277","1.1212","","0.40%"
"04/05/2019","1.1214","1.1224","1.1247","1.1210","","-0.05%"
"04/04/2019","1.1220","1.1235","1.1250","1.1205","","-0.12%"
"04/03/2019","1.1234","1.1205","1.1256","1.1200","","0.29%"
"04/02/2019","1.1202","1.1216","1.1219","1.1183","","-0.09%"
"04/01/2019","1.1212","1.1218","1.1250","1.1203","","-0.04%"
"03/29/2019","1.1217","1.1221","1.1248","1.1208","","-0.03%"
"03/28/2019","1.1220","1.1244","1.1264","1.1213","","-0.24%"
"03/27/2019","1.1247","1.1269","1.1287","1.1242","","-0.15%"
"03/26/2019","1.1264","1.1313","1.1329","1.1262","","-0.42%"
"03/25/2019","1.1311","1.1294","1.1333","1.1284","","-0.02%"
"03/22/2019","1.1313","1.1376","1.1394","1.1273","","-0.53%"
"03/21/2019","1.1373","1.1414","1.1439","1.1342","","-0.33%"
"03/20/2019","1.1411","1.1351","1.1450","1.1334","","0.55%"
"03/19/2019","1.1349","1.1337","1.1364","1.1332","","0.11%"
"03/18/2019","1.1336","1.1323","1.1361","1.1317","","0.10%"
"03/15/2019","1.1325","1.1305","1.1347","1.1296","","0.20%"
"03/14/2019","1.1302","1.1330","1.1342","1.1293","","-0.20%"
"03/13/2019","1.1325","1.1288","1.1341","1.1277","","0.35%"
"03/12/2019","1.1286","1.1250","1.1308","1.1244","","0.35%"
"03/11/2019","1.1247","1.1239","1.1259","1.1222","","0.08%"
"03/08/2019","1.1238","1.1193","1.1248","1.1184","","0.41%"
"03/07/2019","1.1192","1.1307","1.1322","1.1176","","-1.00%"
"03/06/2019","1.1305","1.1313","1.1327","1.1286","","-0.01%"
"03/05/2019","1.1306","1.1339","1.1353","1.1289","","-0.27%"
"03/04/2019","1.1337","1.1379","1.1396","1.1309","","-0.33%"
"03/01/2019","1.1374","1.1370","1.1410","1.1351","","0.04%"
"02/28/2019","1.1370","1.1372","1.1422","1.1357","","0.01%"
"02/27/2019","1.1369","1.1397","1.1405","1.1361","","-0.14%"
"02/26/2019","1.1385","1.1367","1.1404","1.1343","","0.24%"
"02/25/2019","1.1358","1.1338","1.1370","1.1324","","0.15%"
"02/22/2019","1.1341","1.1336","1.1359","1.1315","","0.06%"
"02/21/2019","1.1334","1.1338","1.1368","1.1320","","-0.01%"
"02/20/2019","1.1335","1.1341","1.1374","1.1324","","-0.04%"
"02/19/2019","1.1340","1.1310","1.1359","1.1274","","0.28%"
"02/18/2019","1.1308","1.1287","1.1336","1.1283","","0.13%"
"02/15/2019","1.1293","1.1294","1.1313","1.1233","","-0.05%"
"02/14/2019","1.1299","1.1261","1.1311","1.1247","","0.30%"
"02/13/2019","1.1265","1.1326","1.1345","1.1258","","-0.52%"
"02/12/2019","1.1324","1.1281","1.1343","1.1256","","0.43%"
"02/11/2019","1.1275","1.1328","1.1331","1.1265","","-0.47%"
"02/08/2019","1.1328","1.1347","1.1354","1.1319","","-0.11%"
"02/07/2019","1.1340","1.1362","1.1376","1.1323","","-0.18%"
"02/06/2019","1.1360","1.1406","1.1420","1.1359","","-0.46%"
"02/05/2019","1.1412","1.1439","1.1454","1.1399","","-0.20%"
"02/04/2019","1.1435","1.1455","1.1466","1.1420","","-0.17%"
"02/01/2019","1.1454","1.1448","1.1490","1.1433","","0.09%"
"01/31/2019","1.1444","1.1480","1.1517","1.1433","","-0.29%"
"01/30/2019","1.1477","1.1433","1.1504","1.1405","","0.41%"
"01/29/2019","1.1430","1.1427","1.1452","1.1410","","-0.03%"
"01/28/2019","1.1433","1.1407","1.1447","1.1389","","0.18%"
"01/25/2019","1.1412","1.1305","1.1421","1.1296","","0.95%"
"01/24/2019","1.1305","1.1381","1.1399","1.1288","","-0.66%"
"01/23/2019","1.1380","1.1360","1.1397","1.1349","","0.19%"
"01/22/2019","1.1358","1.1367","1.1387","1.1334","","-0.05%"
"01/21/2019","1.1364","1.1370","1.1409","1.1355","","0.03%"
"01/18/2019","1.1361","1.1389","1.1412","1.1351","","-0.30%"
"01/17/2019","1.1395","1.1395","1.1410","1.1369","","-0.02%"
"01/16/2019","1.1397","1.1413","1.1428","1.1376","","-0.15%"
"01/15/2019","1.1414","1.1471","1.1492","1.1380","","-0.52%"
"01/14/2019","1.1474","1.1470","1.1484","1.1439","","0.06%"
"01/11/2019","1.1467","1.1499","1.1542","1.1456","","-0.27%"
"01/10/2019","1.1498","1.1542","1.1571","1.1484","","-0.37%"
"01/09/2019","1.1541","1.1443","1.1555","1.1435","","0.88%"
"01/08/2019","1.1440","1.1475","1.1486","1.1421","","-0.30%"
"01/07/2019","1.1474","1.1392","1.1485","1.1391","","0.71%"
"01/04/2019","1.1393","1.1393","1.1422","1.1345","","0.01%"
"01/03/2019","1.1392","1.1345","1.1412","1.1309","","0.44%"
"01/02/2019","1.1342","1.1465","1.1498","1.1325","","-1.05%"
"01/01/2019","1.1462","1.1466","1.1480","1.1425","","-0.06%"
"12/31/2018","1.1469","1.1443","1.1471","1.1421","","0.29%"
"12/28/2018","1.1436","1.1429","1.1478","1.1423","","0.06%"
"12/27/2018","1.1429","1.1353","1.1456","1.1349","","0.69%"
"12/26/2018","1.1351","1.1362","1.1423","1.1342","","-0.09%"
"12/25/2018","1.1361","1.1399","1.1430","1.1361","","-0.33%"
"12/24/2018","1.1399","1.1370","1.1439","1.1351","","0.28%"
"12/21/2018","1.1367","1.1446","1.1475","1.1353","","-0.67%"
"12/20/2018","1.1444","1.1377","1.1487","1.1370","","0.61%"
"12/19/2018","1.1375","1.1361","1.1442","1.1360","","0.12%"
"12/18/2018","1.1361","1.1348","1.1404","1.1336","","0.13%"
"12/17/2018","1.1346","1.1308","1.1359","1.1298","","0.34%"
"12/14/2018","1.1307","1.1362","1.1373","1.1268","","-0.48%"
"12/13/2018","1.1361","1.1370","1.1395","1.1330","","-0.06%"
"12/12/2018","1.1368","1.1317","1.1389","1.1313","","0.48%"
"12/11/2018","1.1314","1.1361","1.1401","1.1304","","-0.36%"
"12/10/2018","1.1355","1.1402","1.1444","1.1349","","-0.18%"
"12/07/2018","1.1376","1.1377","1.1425","1.1359","","0.02%"
"12/06/2018","1.1374","1.1345","1.1414","1.1321","","0.26%"
"12/05/2018","1.1344","1.1343","1.1362","1.1311","","0.00%"
"12/04/2018","1.1344","1.1354","1.1422","1.1317","","-0.07%"
"12/03/2018","1.1352","1.1314","1.1381","1.1314","","0.33%"
"11/30/2018","1.1315","1.1394","1.1402","1.1304","","-0.67%"
"11/29/2018","1.1391","1.1367","1.1403","1.1348","","0.22%"
"11/28/2018","1.1366","1.1292","1.1388","1.1266","","0.69%"
"11/27/2018","1.1288","1.1328","1.1345","1.1277","","-0.34%"
"11/26/2018","1.1326","1.1342","1.1385","1.1323","","-0.12%"
"11/23/2018","1.1340","1.1404","1.1422","1.1326","","-0.59%"
"11/22/2018","1.1407","1.1383","1.1435","1.1380","","0.21%"
"11/21/2018","1.1383","1.1371","1.1426","1.1363","","0.11%"
"11/20/2018","1.1370","1.1453","1.1473","1.1357","","-0.71%"
"11/19/2018","1.1451","1.1403","1.1467","1.1393","","0.29%"
"11/16/2018","1.1418","1.1329","1.1423","1.1320","","0.81%"
"11/15/2018","1.1326","1.1309","1.1363","1.1270","","0.16%"
"11/14/2018","1.1308","1.1290","1.1349","1.1262","","0.17%"
"11/13/2018","1.1289","1.1218","1.1296","1.1216","","0.64%"
"11/12/2018","1.1217","1.1331","1.1334","1.1214","","-1.03%"
"11/09/2018","1.1334","1.1364","1.1370","1.1315","","-0.25%"
"11/08/2018","1.1362","1.1426","1.1449","1.1351","","-0.54%"
"11/07/2018","1.1424","1.1427","1.1501","1.1395","","-0.02%"
"11/06/2018","1.1426","1.1407","1.1439","1.1390","","0.18%"
"11/05/2018","1.1406","1.1392","1.1425","1.1356","","0.18%"
"11/02/2018","1.1385","1.1408","1.1457","1.1372","","-0.19%"
"11/01/2018","1.1407","1.1311","1.1426","1.1306","","0.86%"
"10/31/2018","1.1310","1.1345","1.1363","1.1301","","-0.30%"
"10/30/2018","1.1344","1.1372","1.1389","1.1338","","-0.24%"
"10/29/2018","1.1371","1.1407","1.1418","1.1361","","-0.26%"
"10/26/2018","1.1401","1.1376","1.1422","1.1334","","0.24%"
"10/25/2018","1.1374","1.1392","1.1433","1.1355","","-0.15%"
"10/24/2018","1.1391","1.1471","1.1477","1.1378","","-0.68%"
"10/23/2018","1.1469","1.1465","1.1495","1.1437","","0.05%"
"10/22/2018","1.1463","1.1507","1.1551","1.1454","","-0.43%"
"10/19/2018","1.1513","1.1452","1.1536","1.1432","","0.53%"
"10/18/2018","1.1452","1.1501","1.1528","1.1449","","-0.41%"
"10/17/2018","1.1499","1.1574","1.1585","1.1494","","-0.64%"
"10/16/2018","1.1573","1.1580","1.1623","1.1565","","-0.03%"
"10/15/2018","1.1577","1.1559","1.1607","1.1536","","0.13%"
"10/12/2018","1.1562","1.1593","1.1612","1.1534","","-0.27%"
"10/11/2018","1.1593","1.1520","1.1601","1.1518","","0.65%"
"10/10/2018","1.1518","1.1491","1.1546","1.1479","","0.25%"
"10/09/2018","1.1489","1.1491","1.1505","1.1431","","-0.01%"
"10/08/2018","1.1490","1.1520","1.1536","1.1458","","-0.29%"
"10/05/2018","1.1523","1.1514","1.1551","1.1484","","0.09%"
"10/04/2018","1.1513","1.1478","1.1543","1.1463","","0.32%"
"10/03/2018","1.1476","1.1548","1.1595","1.1464","","-0.61%"
"10/02/2018","1.1546","1.1578","1.1582","1.1505","","-0.26%"
"10/01/2018","1.1576","1.1608","1.1629","1.1563","","-0.28%"
"09/28/2018","1.1608","1.1641","1.1652","1.1568","","-0.27%"
"09/27/2018","1.1639","1.1740","1.1758","1.1637","","-0.84%"
"09/26/2018","1.1738","1.1767","1.1799","1.1726","","-0.28%"
"09/25/2018","1.1771","1.1748","1.1794","1.1731","","0.21%"
"09/24/2018","1.1746","1.1750","1.1816","1.1723","","-0.03%"
"09/21/2018","1.1749","1.1777","1.1805","1.1732","","-0.22%"
"09/20/2018","1.1775","1.1672","1.1786","1.1666","","0.88%"
"09/19/2018","1.1672","1.1668","1.1717","1.1649","","0.06%"
"09/18/2018","1.1665","1.1684","1.1726","1.1651","","-0.15%"
"09/17/2018","1.1683","1.1625","1.1700","1.1617","","0.47%"
"09/14/2018","1.1628","1.1690","1.1723","1.1618","","-0.51%"
"09/13/2018","1.1688","1.1627","1.1703","1.1608","","0.55%"
"09/12/2018","1.1624","1.1604","1.1651","1.1570","","0.16%"
"09/11/2018","1.1605","1.1594","1.1645","1.1565","","0.11%"
"09/10/2018","1.1592","1.1559","1.1616","1.1526","","0.35%"
"09/07/2018","1.1551","1.1624","1.1651","1.1550","","-0.60%"
"09/06/2018","1.1621","1.1630","1.1660","1.1604","","-0.07%"
"09/05/2018","1.1629","1.1582","1.1641","1.1542","","0.41%"
"09/04/2018","1.1581","1.1624","1.1630","1.1529","","-0.36%"
"09/03/2018","1.1623","1.1596","1.1629","1.1584","","0.21%"
"08/31/2018","1.1599","1.1671","1.1691","1.1584","","-0.61%"
"08/30/2018","1.1670","1.1708","1.1719","1.1641","","-0.31%"
"08/29/2018","1.1706","1.1694","1.1711","1.1652","","0.11%"
"08/28/2018","1.1693","1.1678","1.1734","1.1662","","0.14%"
"08/27/2018","1.1677","1.1631","1.1694","1.1593","","0.48%"
"08/24/2018","1.1621","1.1540","1.1641","1.1533","","0.73%"
"08/23/2018","1.1537","1.1596","1.1601","1.1529","","-0.51%"
"08/22/2018","1.1596","1.1571","1.1625","1.1551","","0.23%"
"08/21/2018","1.1569","1.1482","1.1602","1.1479","","0.78%"
"08/20/2018","1.1479","1.1442","1.1486","1.1393","","0.37%"
"08/17/2018","1.1437","1.1376","1.1447","1.1365","","0.55%"
"08/16/2018","1.1375","1.1345","1.1410","1.1335","","0.28%"
"08/15/2018","1.1343","1.1344","1.1357","1.1299","","0.01%"
"08/14/2018","1.1342","1.1410","1.1431","1.1330","","-0.58%"
"08/13/2018","1.1408","1.1389","1.1435","1.1364","","-0.02%"
"08/10/2018","1.1410","1.1527","1.1538","1.1386","","-1.01%"
"08/09/2018","1.1526","1.1610","1.1620","1.1525","","-0.72%"
"08/08/2018","1.1610","1.1599","1.1629","1.1572","","0.11%"
"08/07/2018","1.1597","1.1553","1.1610","1.1547","","0.38%"
"08/06/2018","1.1553","1.1573","1.1574","1.1529","","-0.12%"
"08/03/2018","1.1567","1.1585","1.1612","1.1559","","-0.13%"
"08/02/2018","1.1582","1.1660","1.1669","1.1581","","-0.65%"
"08/01/2018","1.1658","1.1691","1.1702","1.1656","","-0.28%"
"07/31/2018","1.1691","1.1707","1.1747","1.1683","","-0.11%"
"07/30/2018","1.1704","1.1659","1.1720","1.1648","","0.41%"
"07/27/2018","1.1656","1.1643","1.1665","1.1620","","0.13%"
"07/26/2018","1.1641","1.1729","1.1745","1.1639","","-0.74%"
"07/25/2018","1.1728","1.1686","1.1740","1.1664","","0.38%"
"07/24/2018","1.1684","1.1692","1.1718","1.1654","","-0.05%"
"07/23/2018","1.1690","1.1730","1.1751","1.1681","","-0.24%"
"07/20/2018","1.1718","1.1644","1.1740","1.1626","","0.66%"
"07/19/2018","1.1641","1.1639","1.1679","1.1574","","0.03%"
"07/18/2018","1.1638","1.1661","1.1666","1.1601","","-0.18%"
"07/17/2018","1.1659","1.1711","1.1746","1.1649","","-0.43%"
"07/16/2018","1.1709","1.1677","1.1727","1.1675","","0.21%"
"07/13/2018","1.1685","1.1671","1.1690","1.1612","","0.12%"
"07/12/2018","1.1671","1.1674","1.1696","1.1649","","-0.01%"
"07/11/2018","1.1672","1.1745","1.1759","1.1665","","-0.60%"
"07/10/2018","1.1742","1.1751","1.1764","1.1690","","-0.06%"
"07/09/2018","1.1749","1.1747","1.1792","1.1731","","0.03%"
"07/06/2018","1.1745","1.1690","1.1769","1.1679","","0.48%"
"07/05/2018","1.1689","1.1655","1.1721","1.1649","","0.30%"
"07/04/2018","1.1654","1.1657","1.1683","1.1629","","-0.01%"
"07/03/2018","1.1655","1.1639","1.1674","1.1620","","0.14%"
"07/02/2018","1.1639","1.1651","1.1699","1.1591","","-0.38%"
"06/29/2018","1.1683","1.1569","1.1692","1.1557","","1.00%"
"06/28/2018","1.1567","1.1554","1.1601","1.1527","","0.13%"
"06/27/2018","1.1552","1.1648","1.1673","1.1540","","-0.80%"
"06/26/2018","1.1645","1.1704","1.1721","1.1635","","-0.49%"
"06/25/2018","1.1702","1.1658","1.1714","1.1627","","0.40%"
"06/22/2018","1.1655","1.1604","1.1676","1.1599","","0.47%"
"06/21/2018","1.1601","1.1572","1.1635","1.1508","","0.27%"
"06/20/2018","1.1570","1.1590","1.1602","1.1536","","-0.16%"
"06/19/2018","1.1588","1.1623","1.1646","1.1530","","-0.29%"
"06/18/2018","1.1622","1.1609","1.1626","1.1564","","0.13%"
"06/15/2018","1.1607","1.1568","1.1628","1.1543","","0.35%"
"06/14/2018","1.1567","1.1791","1.1853","1.1562","","-1.88%"
"06/13/2018","1.1789","1.1745","1.1802","1.1725","","0.39%"
"06/12/2018","1.1743","1.1784","1.1810","1.1732","","-0.33%"
"06/11/2018","1.1782","1.1765","1.1822","1.1753","","0.14%"
"06/08/2018","1.1766","1.1800","1.1812","1.1726","","-0.26%"
"06/07/2018","1.1797","1.1774","1.1841","1.1772","","0.20%"
"06/06/2018","1.1773","1.1718","1.1797","1.1710","","0.48%"
"06/05/2018","1.1717","1.1699","1.1733","1.1652","","0.16%"
"06/04/2018","1.1698","1.1656","1.1746","1.1652","","0.33%"
"06/01/2018","1.1660","1.1693","1.1719","1.1617","","-0.26%"
"05/31/2018","1.1690","1.1665","1.1725","1.1641","","0.25%"
"05/30/2018","1.1661","1.1540","1.1677","1.1517","","1.07%"
"05/29/2018","1.1538","1.1625","1.1641","1.1509","","-0.72%"
"05/28/2018","1.1622","1.1652","1.1730","1.1606","","-0.24%"
"05/25/2018","1.1650","1.1720","1.1734","1.1645","","-0.59%"
"05/24/2018","1.1719","1.1696","1.1752","1.1690","","0.20%"
"05/23/2018","1.1696","1.1779","1.1791","1.1675","","-0.70%"
"05/22/2018","1.1778","1.1792","1.1831","1.1755","","-0.10%"
"05/21/2018","1.1790","1.1763","1.1797","1.1716","","0.13%"
"05/18/2018","1.1775","1.1795","1.1823","1.1749","","-0.15%"
"05/17/2018","1.1793","1.1808","1.1839","1.1775","","-0.12%"
"05/16/2018","1.1807","1.1838","1.1856","1.1763","","-0.25%"
"05/15/2018","1.1837","1.1927","1.1939","1.1818","","-0.74%"
"05/14/2018","1.1925","1.1946","1.1997","1.1926","","-0.14%"
"05/11/2018","1.1942","1.1915","1.1970","1.1891","","0.24%"
"05/10/2018","1.1913","1.1851","1.1948","1.1843","","0.53%"
"05/09/2018","1.1850","1.1864","1.1898","1.1822","","-0.10%"
"05/08/2018","1.1862","1.1923","1.1940","1.1837","","-0.49%"
"05/07/2018","1.1920","1.1953","1.1979","1.1897","","-0.32%"
"05/04/2018","1.1958","1.1989","1.1997","1.1911","","-0.24%"
"05/03/2018","1.1987","1.1952","1.2010","1.1946","","0.31%"
"05/02/2018","1.1950","1.1993","1.2033","1.1937","","-0.36%"
"05/01/2018","1.1993","1.2077","1.2088","1.1981","","-0.70%"
"04/30/2018","1.2077","1.2125","1.2140","1.2064","","-0.42%"
"04/27/2018","1.2128","1.2104","1.2134","1.2055","","0.22%"
"04/26/2018","1.2101","1.2161","1.2211","1.2095","","-0.48%"
"04/25/2018","1.2159","1.2232","1.2239","1.2159","","-0.58%"
"04/24/2018","1.2230","1.2209","1.2246","1.2182","","0.19%"
"04/23/2018","1.2207","1.2289","1.2292","1.2197","","-0.64%"
"04/20/2018","1.2286","1.2346","1.2354","1.2250","","-0.47%"
"04/19/2018","1.2344","1.2373","1.2401","1.2329","","-0.23%"
"04/18/2018","1.2372","1.2370","1.2398","1.2342","","0.02%"
"04/17/2018","1.2370","1.2380","1.2415","1.2336","","-0.06%"
"04/16/2018","1.2378","1.2330","1.2396","1.2324","","0.40%"
"04/13/2018","1.2329","1.2327","1.2347","1.2306","","0.03%"
"04/12/2018","1.2325","1.2367","1.2381","1.2299","","-0.32%"
"04/11/2018","1.2365","1.2356","1.2397","1.2346","","0.09%"
"04/10/2018","1.2354","1.2320","1.2378","1.2302","","0.28%"
"04/09/2018","1.2319","1.2279","1.2331","1.2260","","0.31%"
"04/06/2018","1.2281","1.2240","1.2292","1.2214","","0.35%"
"04/05/2018","1.2238","1.2277","1.2291","1.2218","","-0.32%"
"04/04/2018","1.2277","1.2270","1.2315","1.2256","","0.07%"
"04/03/2018","1.2269","1.2302","1.2336","1.2254","","-0.25%"
"04/02/2018","1.2300","1.2323","1.2346","1.2281","","-0.17%"
"03/30/2018","1.2321","1.2300","1.2333","1.2293","","0.16%"
"03/29/2018","1.2301","1.2309","1.2337","1.2283","","-0.05%"
"03/28/2018","1.2307","1.2403","1.2423","1.2299","","-0.76%"
"03/27/2018","1.2401","1.2444","1.2477","1.2372","","-0.33%"
"03/26/2018","1.2442","1.2348","1.2463","1.2342","","0.74%"
"03/23/2018","1.2351","1.2302","1.2374","1.2300","","0.41%"
"03/22/2018","1.2300","1.2338","1.2389","1.2285","","-0.29%"
"03/21/2018","1.2336","1.2241","1.2351","1.2241","","0.78%"
"03/20/2018","1.2240","1.2335","1.2355","1.2239","","-0.75%"
"03/19/2018","1.2333","1.2284","1.2360","1.2258","","0.37%"
"03/16/2018","1.2287","1.2304","1.2337","1.2260","","-0.14%"
"03/15/2018","1.2304","1.2367","1.2385","1.2300","","-0.49%"
"03/14/2018","1.2365","1.2390","1.2414","1.2346","","-0.19%"
"03/13/2018","1.2389","1.2335","1.2408","1.2314","","0.46%"
"03/12/2018","1.2332","1.2311","1.2346","1.2290","","0.22%"
"03/09/2018","1.2305","1.2312","1.2335","1.2273","","-0.04%"
"03/08/2018","1.2310","1.2411","1.2447","1.2298","","-0.82%"
"03/07/2018","1.2412","1.2404","1.2445","1.2384","","0.08%"
"03/06/2018","1.2402","1.2336","1.2422","1.2328","","0.54%"
"03/05/2018","1.2335","1.2324","1.2367","1.2269","","0.15%"
"03/02/2018","1.2317","1.2267","1.2337","1.2251","","0.41%"
"03/01/2018","1.2267","1.2194","1.2274","1.2155","","0.61%"
"02/28/2018","1.2193","1.2233","1.2242","1.2188","","-0.31%"
"02/27/2018","1.2231","1.2317","1.2348","1.2220","","-0.69%"
"02/26/2018","1.2316","1.2298","1.2356","1.2277","","0.19%"
"02/23/2018","1.2293","1.2331","1.2338","1.2279","","-0.29%"
"02/22/2018","1.2329","1.2283","1.2354","1.2260","","0.38%"
"02/21/2018","1.2282","1.2338","1.2361","1.2281","","-0.44%"
"02/20/2018","1.2336","1.2407","1.2413","1.2319","","-0.57%"
"02/19/2018","1.2407","1.2410","1.2436","1.2369","","0.02%"
"02/16/2018","1.2404","1.2506","1.2556","1.2393","","-0.81%"
"02/15/2018","1.2505","1.2450","1.2512","1.2447","","0.46%"
"02/14/2018","1.2448","1.2352","1.2466","1.2276","","0.79%"
"02/13/2018","1.2350","1.2293","1.2372","1.2284","","0.48%"
"02/12/2018","1.2291","1.2254","1.2298","1.2235","","0.47%"
"02/09/2018","1.2233","1.2245","1.2288","1.2205","","-0.10%"
"02/08/2018","1.2245","1.2264","1.2296","1.2212","","-0.14%"
"02/07/2018","1.2262","1.2377","1.2407","1.2246","","-0.92%"
"02/06/2018","1.2376","1.2368","1.2435","1.2314","","0.07%"
"02/05/2018","1.2367","1.2457","1.2476","1.2363","","-0.75%"
"02/02/2018","1.2460","1.2507","1.2519","1.2409","","-0.38%"
"02/01/2018","1.2508","1.2414","1.2523","1.2385","","0.71%"
"01/31/2018","1.2420","1.2402","1.2476","1.2386","","0.16%"
"01/30/2018","1.2400","1.2382","1.2455","1.2335","","0.15%"
"01/29/2018","1.2381","1.2427","1.2437","1.2337","","-0.31%"
"01/26/2018","1.2419","1.2395","1.2495","1.2370","","0.19%"
"01/25/2018","1.2395","1.2408","1.2538","1.2363","","-0.09%"
"01/24/2018","1.2406","1.2299","1.2416","1.2293","","0.89%"
"01/23/2018","1.2297","1.2262","1.2307","1.2222","","0.30%"
"01/22/2018","1.2260","1.2266","1.2275","1.2214","","0.33%"
"01/19/2018","1.2220","1.2237","1.2297","1.2218","","-0.14%"
"01/18/2018","1.2237","1.2186","1.2266","1.2165","","0.44%"
"01/17/2018","1.2184","1.2260","1.2323","1.2176","","-0.61%"
"01/16/2018","1.2259","1.2264","1.2283","1.2195","","-0.02%"
"01/15/2018","1.2261","1.2197","1.2298","1.2187","","0.62%"
"01/12/2018","1.2185","1.2033","1.2189","1.2030","","1.28%"
"01/11/2018","1.2031","1.1947","1.2060","1.1929","","0.72%"
"01/10/2018","1.1945","1.1937","1.2018","1.1923","","0.08%"
"01/09/2018","1.1935","1.1967","1.1976","1.1915","","-0.25%"
"01/08/2018","1.1965","1.2029","1.2053","1.1955","","-0.52%"
"01/05/2018","1.2028","1.2068","1.2084","1.2020","","-0.32%"
"01/04/2018","1.2067","1.2015","1.2090","1.2004","","0.46%"
"01/03/2018","1.2012","1.2058","1.2069","1.2001","","-0.37%"
"01/02/2018","1.2057","1.2012","1.2084","1.2001","","0.41%"
"01/01/2018","1.2008","1.2002","1.2014","1.1995","","0.10%"
"12/29/2017","1.1996","1.1943","1.2030","1.1936","","0.46%"
"12/28/2017","1.1941","1.1888","1.1960","1.1888","","0.46%"
"12/27/2017","1.1886","1.1858","1.1911","1.1854","","0.24%"
"12/26/2017","1.1858","1.1868","1.1879","1.1846","","-0.08%"
"12/25/2017","1.1868","1.1851","1.1882","1.1843","","0.09%"
"12/22/2017","1.1857","1.1873","1.1877","1.1816","","-0.13%"
"12/21/2017","1.1873","1.1872","1.1891","1.1849","","0.03%"
"12/20/2017","1.1869","1.1840","1.1902","1.1828","","0.26%"
"12/19/2017","1.1838","1.1782","1.1850","1.1776","","0.48%"
"12/18/2017","1.1781","1.1755","1.1835","1.1738","","0.25%"
"12/15/2017","1.1752","1.1778","1.1813","1.1750","","-0.21%"
"12/14/2017","1.1777","1.1827","1.1864","1.1770","","-0.41%"
"12/13/2017","1.1825","1.1742","1.1833","1.1729","","0.72%"
"12/12/2017","1.1740","1.1769","1.1793","1.1717","","-0.24%"
"12/11/2017","1.1768","1.1769","1.1813","1.1763","","0.03%"
"12/08/2017","1.1764","1.1773","1.1778","1.1730","","-0.06%"
"12/07/2017","1.1771","1.1796","1.1815","1.1771","","-0.20%"
"12/06/2017","1.1795","1.1826","1.1849","1.1780","","-0.25%"
"12/05/2017","1.1824","1.1866","1.1878","1.1800","","-0.34%"
"12/04/2017","1.1864","1.1881","1.1890","1.1829","","-0.21%"
"12/01/2017","1.1889","1.1904","1.1941","1.1851","","-0.11%"
"11/30/2017","1.1902","1.1847","1.1933","1.1809","","0.46%"
"11/29/2017","1.1847","1.1841","1.1884","1.1817","","0.07%"
"11/28/2017","1.1839","1.1898","1.1921","1.1827","","-0.48%"
"11/27/2017","1.1896","1.1932","1.1961","1.1895","","-0.28%"
"11/24/2017","1.1930","1.1852","1.1945","1.1836","","0.68%"
"11/23/2017","1.1850","1.1822","1.1856","1.1813","","0.25%"
"11/22/2017","1.1820","1.1738","1.1828","1.1732","","0.71%"
"11/21/2017","1.1737","1.1732","1.1759","1.1713","","0.04%"
"11/20/2017","1.1732","1.1791","1.1810","1.1721","","-0.52%"
"11/17/2017","1.1793","1.1771","1.1822","1.1765","","0.20%"
"11/16/2017","1.1769","1.1792","1.1802","1.1756","","-0.19%"
"11/15/2017","1.1791","1.1797","1.1861","1.1784","","-0.04%"
"11/14/2017","1.1796","1.1667","1.1806","1.1660","","1.12%"
"11/13/2017","1.1665","1.1666","1.1676","1.1637","","0.02%"
"11/10/2017","1.1663","1.1641","1.1679","1.1622","","0.20%"
"11/09/2017","1.1640","1.1596","1.1656","1.1585","","0.41%"
"11/08/2017","1.1593","1.1587","1.1612","1.1578","","0.07%"
"11/07/2017","1.1585","1.1610","1.1617","1.1553","","-0.21%"
"11/06/2017","1.1609","1.1610","1.1625","1.1580","","0.02%"
"11/03/2017","1.1607","1.1658","1.1692","1.1598","","-0.42%"
"11/02/2017","1.1656","1.1619","1.1688","1.1612","","0.34%"
"11/01/2017","1.1617","1.1646","1.1658","1.1606","","-0.23%"
"10/31/2017","1.1644","1.1651","1.1662","1.1625","","-0.04%"
"10/30/2017","1.1649","1.1603","1.1659","1.1593","","0.35%"
"10/27/2017","1.1608","1.1650","1.1658","1.1574","","-0.36%"
"10/26/2017","1.1650","1.1813","1.1837","1.1640","","-1.37%"
"10/25/2017","1.1812","1.1761","1.1819","1.1753","","0.45%"
"10/24/2017","1.1759","1.1749","1.1793","1.1742","","0.10%"
"10/23/2017","1.1747","1.1773","1.1778","1.1725","","-0.31%"
"10/20/2017","1.1783","1.1853","1.1858","1.1762","","-0.57%"
"10/19/2017","1.1850","1.1788","1.1859","1.1768","","0.53%"
"10/18/2017","1.1787","1.1766","1.1806","1.1730","","0.18%"
"10/17/2017","1.1766","1.1797","1.1801","1.1736","","-0.25%"
"10/16/2017","1.1795","1.1825","1.1826","1.1780","","-0.23%"
"10/13/2017","1.1822","1.1830","1.1875","1.1805","","-0.06%"
"10/12/2017","1.1829","1.1860","1.1881","1.1827","","-0.24%"
"10/11/2017","1.1857","1.1808","1.1871","1.1795","","0.43%"
"10/10/2017","1.1806","1.1740","1.1827","1.1738","","0.57%"
"10/09/2017","1.1739","1.1729","1.1757","1.1717","","0.05%"
"10/06/2017","1.1733","1.1711","1.1740","1.1669","","0.20%"
"10/05/2017","1.1710","1.1759","1.1780","1.1698","","-0.42%"
"10/04/2017","1.1759","1.1743","1.1789","1.1734","","0.14%"
"10/03/2017","1.1742","1.1733","1.1774","1.1696","","0.10%"
"10/02/2017","1.1730","1.1818","1.1818","1.1730","","-0.69%"
"09/29/2017","1.1812","1.1787","1.1833","1.1772","","0.24%"
"09/28/2017","1.1784","1.1745","1.1805","1.1720","","0.35%"
"09/27/2017","1.1743","1.1793","1.1796","1.1717","","-0.41%"
"09/26/2017","1.1791","1.1848","1.1862","1.1757","","-0.46%"
"09/25/2017","1.1846","1.1953","1.1961","1.1832","","-0.89%"
"09/22/2017","1.1952","1.1942","1.2005","1.1936","","0.11%"
"09/21/2017","1.1939","1.1893","1.1955","1.1865","","0.40%"
"09/20/2017","1.1891","1.1994","1.2033","1.1862","","-0.84%"
"09/19/2017","1.1992","1.1955","1.2008","1.1950","","0.33%"
"09/18/2017","1.1952","1.1949","1.1971","1.1915","","0.09%"
"09/15/2017","1.1941","1.1919","1.1988","1.1900","","0.19%"
"09/14/2017","1.1918","1.1885","1.1923","1.1837","","0.28%"
"09/13/2017","1.1885","1.1968","1.1995","1.1873","","-0.67%"
"09/12/2017","1.1965","1.1953","1.1979","1.1926","","0.12%"
"09/11/2017","1.1951","1.2041","1.2041","1.1947","","-0.68%"
"09/08/2017","1.2033","1.2024","1.2094","1.2015","","0.10%"
"09/07/2017","1.2021","1.1917","1.2060","1.1914","","0.89%"
"09/06/2017","1.1915","1.1914","1.1951","1.1902","","0.03%"
"09/05/2017","1.1912","1.1896","1.1941","1.1868","","0.14%"
"09/04/2017","1.1895","1.1859","1.1923","1.1854","","0.32%"
"09/01/2017","1.1857","1.1910","1.1980","1.1850","","-0.43%"
"08/31/2017","1.1908","1.1884","1.1914","1.1822","","0.23%"
"08/30/2017","1.1881","1.1974","1.1985","1.1880","","-0.76%"
"08/29/2017","1.1972","1.1979","1.2071","1.1946","","-0.04%"
"08/28/2017","1.1977","1.1926","1.1985","1.1917","","0.44%"
"08/25/2017","1.1924","1.1799","1.1942","1.1772","","1.08%"
"08/24/2017","1.1797","1.1807","1.1822","1.1784","","-0.07%"
"08/23/2017","1.1805","1.1763","1.1825","1.1740","","0.38%"
"08/22/2017","1.1760","1.1815","1.1826","1.1745","","-0.46%"
"08/21/2017","1.1814","1.1753","1.1829","1.1731","","0.46%"
"08/18/2017","1.1760","1.1723","1.1774","1.1707","","0.32%"
"08/17/2017","1.1723","1.1767","1.1791","1.1662","","-0.38%"
"08/16/2017","1.1768","1.1734","1.1780","1.1681","","0.30%"
"08/15/2017","1.1733","1.1780","1.1793","1.1687","","-0.38%"
"08/14/2017","1.1778","1.1807","1.1839","1.1769","","-0.36%"
"08/11/2017","1.1820","1.1773","1.1847","1.1748","","0.42%"
"08/10/2017","1.1770","1.1759","1.1786","1.1704","","0.11%"
"08/09/2017","1.1757","1.1753","1.1765","1.1689","","0.07%"
"08/08/2017","1.1749","1.1795","1.1825","1.1715","","-0.37%"
"08/07/2017","1.1793","1.1768","1.1814","1.1766","","0.21%"
"08/04/2017","1.1768","1.1871","1.1890","1.1728","","-0.84%"
"08/03/2017","1.1868","1.1856","1.1894","1.1830","","0.12%"
"08/02/2017","1.1854","1.1801","1.1910","1.1793","","0.45%"
"08/01/2017","1.1801","1.1842","1.1847","1.1785","","-0.33%"
"07/31/2017","1.1840","1.1738","1.1847","1.1723","","0.77%"
"07/28/2017","1.1750","1.1677","1.1765","1.1671","","0.63%"
"07/27/2017","1.1676","1.1734","1.1778","1.1650","","-0.48%"
"07/26/2017","1.1732","1.1647","1.1741","1.1612","","0.70%"
"07/25/2017","1.1651","1.1642","1.1713","1.1630","","0.11%"
"07/24/2017","1.1638","1.1660","1.1685","1.1626","","-0.20%"
"07/21/2017","1.1661","1.1633","1.1684","1.1619","","0.28%"
"07/20/2017","1.1629","1.1515","1.1656","1.1479","","1.00%"
"07/19/2017","1.1514","1.1554","1.1559","1.1510","","-0.33%"
"07/18/2017","1.1552","1.1479","1.1584","1.1471","","0.64%"
"07/17/2017","1.1478","1.1464","1.1488","1.1434","","0.10%"
"07/14/2017","1.1467","1.1399","1.1473","1.1391","","0.63%"
"07/13/2017","1.1395","1.1412","1.1456","1.1370","","-0.13%"
"07/12/2017","1.1410","1.1467","1.1490","1.1391","","-0.48%"
"07/11/2017","1.1465","1.1399","1.1481","1.1382","","0.58%"
"07/10/2017","1.1399","1.1393","1.1418","1.1381","","-0.01%"
"07/07/2017","1.1400","1.1424","1.1441","1.1379","","-0.19%"
"07/06/2017","1.1422","1.1352","1.1426","1.1329","","0.62%"
"07/05/2017","1.1352","1.1346","1.1370","1.1312","","0.09%"
"07/04/2017","1.1342","1.1365","1.1378","1.1336","","-0.16%"
"07/03/2017","1.1360","1.1421","1.1429","1.1354","","-0.55%"
"06/30/2017","1.1423","1.1441","1.1447","1.1391","","-0.15%"
"06/29/2017","1.1440","1.1378","1.1447","1.1374","","0.56%"
"06/28/2017","1.1376","1.1338","1.1391","1.1291","","0.34%"
"06/27/2017","1.1337","1.1182","1.1351","1.1178","","1.41%"
"06/26/2017","1.1179","1.1202","1.1221","1.1171","","-0.12%"
"06/23/2017","1.1192","1.1153","1.1210","1.1145","","0.38%"
"06/22/2017","1.1150","1.1168","1.1179","1.1139","","-0.14%"
"06/21/2017","1.1166","1.1134","1.1172","1.1127","","0.29%"
"06/20/2017","1.1134","1.1149","1.1166","1.1118","","-0.13%"
"06/19/2017","1.1148","1.1200","1.1216","1.1143","","-0.44%"
"06/16/2017","1.1197","1.1145","1.1203","1.1138","","0.48%"
"06/15/2017","1.1143","1.1218","1.1230","1.1132","","-0.66%"
"06/14/2017","1.1217","1.1210","1.1296","1.1193","","0.03%"
"06/13/2017","1.1214","1.1204","1.1226","1.1185","","0.12%"
"06/12/2017","1.1200","1.1195","1.1233","1.1191","","0.07%"
"06/09/2017","1.1192","1.1214","1.1239","1.1166","","-0.18%"
"06/08/2017","1.1212","1.1257","1.1269","1.1195","","-0.38%"
"06/07/2017","1.1255","1.1277","1.1284","1.1204","","-0.18%"
"06/06/2017","1.1275","1.1254","1.1285","1.1240","","0.20%"
"06/05/2017","1.1252","1.1279","1.1286","1.1234","","-0.25%"
"06/02/2017","1.1280","1.1212","1.1287","1.1204","","0.62%"
"06/01/2017","1.1211","1.1244","1.1258","1.1202","","-0.27%"
"05/31/2017","1.1241","1.1186","1.1254","1.1164","","0.52%"
"05/30/2017","1.1183","1.1165","1.1206","1.1109","","0.17%"
"05/29/2017","1.1164","1.1180","1.1191","1.1161","","-0.16%"
"05/26/2017","1.1182","1.1210","1.1235","1.1160","","-0.24%"
"05/25/2017","1.1209","1.1219","1.1251","1.1193","","-0.07%"
"05/24/2017","1.1217","1.1183","1.1222","1.1168","","0.31%"
"05/23/2017","1.1182","1.1238","1.1269","1.1174","","-0.48%"
"05/22/2017","1.1236","1.1202","1.1265","1.1161","","0.29%"
"05/19/2017","1.1204","1.1103","1.1212","1.1096","","0.93%"
"05/18/2017","1.1101","1.1160","1.1172","1.1075","","-0.51%"
"05/17/2017","1.1158","1.1083","1.1164","1.1080","","0.69%"
"05/16/2017","1.1082","1.0976","1.1099","1.0973","","0.99%"
"05/15/2017","1.0973","1.0926","1.0991","1.0922","","0.41%"
"05/12/2017","1.0928","1.0862","1.0936","1.0855","","0.62%"
"05/11/2017","1.0861","1.0869","1.0894","1.0839","","-0.05%"
"05/10/2017","1.0866","1.0873","1.0900","1.0852","","-0.06%"
"05/09/2017","1.0872","1.0925","1.0934","1.0863","","-0.46%"
"05/08/2017","1.0922","1.0999","1.1025","1.0916","","-0.66%"
"05/05/2017","1.0995","1.0989","1.1002","1.0949","","0.10%"
"05/04/2017","1.0984","1.0886","1.0989","1.0875","","0.94%"
"05/03/2017","1.0882","1.0929","1.0938","1.0882","","-0.41%"
"05/02/2017","1.0927","1.0899","1.0934","1.0888","","0.27%"
"05/01/2017","1.0898","1.0907","1.0925","1.0884","","0.03%"
"04/28/2017","1.0895","1.0877","1.0948","1.0857","","0.21%"
"04/27/2017","1.0872","1.0904","1.0934","1.0851","","-0.28%"
"04/26/2017","1.0903","1.0926","1.0951","1.0856","","-0.20%"
"04/25/2017","1.0925","1.0867","1.0951","1.0851","","0.53%"
"04/24/2017","1.0867","1.0891","1.0938","1.0820","","1.31%"
"04/21/2017","1.0726","1.0718","1.0738","1.0682","","0.11%"
"04/20/2017","1.0714","1.0711","1.0779","1.0707","","0.05%"
"04/19/2017","1.0709","1.0730","1.0738","1.0700","","-0.21%"
"04/18/2017","1.0732","1.0643","1.0738","1.0637","","0.86%"
"04/17/2017","1.0640","1.0615","1.0671","1.0602","","0.29%"
"04/14/2017","1.0609","1.0614","1.0631","1.0606","","-0.03%"
"04/13/2017","1.0612","1.0665","1.0679","1.0608","","-0.49%"
"04/12/2017","1.0664","1.0604","1.0677","1.0589","","0.58%"
"04/11/2017","1.0602","1.0596","1.0631","1.0578","","0.08%"
"04/10/2017","1.0593","1.0593","1.0608","1.0570","","0.05%"
"04/07/2017","1.0588","1.0644","1.0667","1.0580","","-0.51%"
"04/06/2017","1.0642","1.0663","1.0685","1.0629","","-0.19%"
"04/05/2017","1.0662","1.0674","1.0690","1.0635","","-0.09%"
"04/04/2017","1.0672","1.0669","1.0679","1.0636","","0.04%"
"04/03/2017","1.0668","1.0661","1.0682","1.0642","","0.18%"
"03/31/2017","1.0649","1.0674","1.0703","1.0650","","-0.23%"
"03/30/2017","1.0674","1.0766","1.0772","1.0671","","-0.85%"
"03/29/2017","1.0766","1.0813","1.0827","1.0740","","-0.43%"
"03/28/2017","1.0812","1.0865","1.0873","1.0798","","-0.48%"
"03/27/2017","1.0864","1.0797","1.0905","1.0796","","0.62%"
"03/24/2017","1.0797","1.0784","1.0819","1.0760","","0.16%"
"03/23/2017","1.0780","1.0797","1.0806","1.0768","","-0.14%"
"03/22/2017","1.0795","1.0810","1.0826","1.0775","","-0.12%"
"03/21/2017","1.0808","1.0740","1.0820","1.0719","","0.66%"
"03/20/2017","1.0737","1.0739","1.0778","1.0724","","0.01%"
"03/17/2017","1.0736","1.0766","1.0784","1.0727","","-0.26%"
"03/16/2017","1.0764","1.0735","1.0772","1.0705","","0.30%"
"03/15/2017","1.0732","1.0604","1.0742","1.0603","","1.23%"
"03/14/2017","1.0602","1.0654","1.0664","1.0599","","-0.48%"
"03/13/2017","1.0653","1.0674","1.0715","1.0651","","-0.15%"
"03/10/2017","1.0669","1.0577","1.0701","1.0571","","0.89%"
"03/09/2017","1.0575","1.0541","1.0616","1.0524","","0.34%"
"03/08/2017","1.0539","1.0566","1.0575","1.0534","","-0.25%"
"03/07/2017","1.0565","1.0583","1.0604","1.0558","","-0.12%"
"03/06/2017","1.0578","1.0617","1.0642","1.0574","","-0.40%"
"03/03/2017","1.0620","1.0507","1.0625","1.0501","","1.09%"
"03/02/2017","1.0506","1.0547","1.0554","1.0494","","-0.38%"
"03/01/2017","1.0546","1.0576","1.0590","1.0514","","-0.27%"
"02/28/2017","1.0575","1.0587","1.0631","1.0570","","-0.09%"
"02/27/2017","1.0585","1.0563","1.0631","1.0551","","0.24%"
"02/24/2017","1.0560","1.0582","1.0619","1.0556","","-0.18%"
"02/23/2017","1.0579","1.0558","1.0596","1.0537","","0.23%"
"02/22/2017","1.0555","1.0536","1.0575","1.0493","","0.19%"
"02/21/2017","1.0535","1.0614","1.0618","1.0525","","-0.70%"
"02/20/2017","1.0609","1.0616","1.0635","1.0603","","-0.02%"
"02/17/2017","1.0611","1.0674","1.0678","1.0604","","-0.57%"
"02/16/2017","1.0672","1.0601","1.0681","1.0589","","0.70%"
"02/15/2017","1.0598","1.0578","1.0610","1.0521","","0.20%"
"02/14/2017","1.0577","1.0598","1.0635","1.0560","","-0.19%"
"02/13/2017","1.0597","1.0636","1.0659","1.0591","","-0.39%"
"02/10/2017","1.0638","1.0656","1.0669","1.0607","","-0.15%"
"02/09/2017","1.0654","1.0699","1.0711","1.0650","","-0.40%"
"02/08/2017","1.0697","1.0683","1.0715","1.0640","","0.16%"
"02/07/2017","1.0680","1.0750","1.0752","1.0655","","-0.64%"
"02/06/2017","1.0749","1.0783","1.0804","1.0704","","-0.30%"
"02/03/2017","1.0781","1.0758","1.0799","1.0713","","0.21%"
"02/02/2017","1.0758","1.0769","1.0829","1.0754","","-0.08%"
"02/01/2017","1.0767","1.0798","1.0810","1.0732","","-0.26%"
"01/31/2017","1.0795","1.0697","1.0812","1.0683","","0.96%"
"01/30/2017","1.0692","1.0691","1.0742","1.0619","","-0.02%"
"01/27/2017","1.0694","1.0682","1.0726","1.0657","","0.13%"
"01/26/2017","1.0680","1.0745","1.0766","1.0657","","-0.60%"
"01/25/2017","1.0744","1.0732","1.0770","1.0711","","0.13%"
"01/24/2017","1.0730","1.0764","1.0777","1.0719","","-0.29%"
"01/23/2017","1.0761","1.0688","1.0770","1.0686","","0.58%"
"01/20/2017","1.0699","1.0665","1.0711","1.0624","","0.34%"
"01/19/2017","1.0663","1.0630","1.0678","1.0589","","0.31%"
"01/18/2017","1.0630","1.0713","1.0717","1.0626","","-0.77%"
"01/17/2017","1.0712","1.0600","1.0720","1.0595","","1.06%"
"01/16/2017","1.0600","1.0618","1.0637","1.0579","","-0.39%"
"01/13/2017","1.0641","1.0613","1.0673","1.0596","","0.29%"
"01/12/2017","1.0610","1.0583","1.0686","1.0571","","0.28%"
"01/11/2017","1.0580","1.0555","1.0624","1.0454","","0.26%"
"01/10/2017","1.0553","1.0575","1.0627","1.0551","","-0.18%"
"01/09/2017","1.0572","1.0539","1.0583","1.0509","","0.40%"
"01/06/2017","1.0530","1.0607","1.0623","1.0522","","-0.69%"
"01/05/2017","1.0603","1.0490","1.0617","1.0480","","1.12%"
"01/04/2017","1.0486","1.0406","1.0501","1.0389","","0.79%"
"01/03/2017","1.0404","1.0454","1.0492","1.0341","","-0.51%"
"01/02/2017","1.0457","1.0531","1.0537","1.0448","","-0.53%"
"12/30/2016","1.0513","1.0491","1.0655","1.0481","","0.22%"
"12/29/2016","1.0490","1.0418","1.0496","1.0406","","0.80%"
"12/28/2016","1.0407","1.0457","1.0481","1.0370","","-0.46%"
"12/27/2016","1.0455","1.0455","1.0465","1.0431","","0.02%"
"12/26/2016","1.0453","1.0453","1.0473","1.0437","","-0.01%"
"12/23/2016","1.0454","1.0436","1.0469","1.0425","","0.18%"
"12/22/2016","1.0435","1.0424","1.0501","1.0422","","0.12%"
"12/21/2016","1.0423","1.0389","1.0452","1.0381","","0.37%"
"12/20/2016","1.0385","1.0404","1.0419","1.0352","","-0.16%"
"12/19/2016","1.0402","1.0446","1.0481","1.0391","","-0.43%"
"12/16/2016","1.0447","1.0417","1.0475","1.0400","","0.34%"
"12/15/2016","1.0412","1.0536","1.0545","1.0366","","-1.17%"
"12/14/2016","1.0535","1.0627","1.0671","1.0496","","-0.85%"
"12/13/2016","1.0625","1.0635","1.0667","1.0603","","-0.08%"
"12/12/2016","1.0634","1.0553","1.0653","1.0524","","0.71%"
"12/09/2016","1.0559","1.0616","1.0631","1.0530","","-0.53%"
"12/08/2016","1.0615","1.0753","1.0874","1.0597","","-1.26%"
"12/07/2016","1.0751","1.0720","1.0770","1.0709","","0.32%"
"12/06/2016","1.0717","1.0764","1.0787","1.0698","","-0.42%"
"12/05/2016","1.0762","1.0677","1.0798","1.0505","","0.86%"
"12/02/2016","1.0670","1.0662","1.0691","1.0625","","0.09%"
"12/01/2016","1.0660","1.0589","1.0670","1.0583","","0.71%"
"11/30/2016","1.0585","1.0650","1.0668","1.0553","","-0.58%"
"11/29/2016","1.0647","1.0615","1.0657","1.0564","","0.32%"
"11/28/2016","1.0613","1.0599","1.0685","1.0563","","0.27%"
"11/25/2016","1.0584","1.0553","1.0630","1.0537","","0.30%"
"11/24/2016","1.0552","1.0554","1.0587","1.0517","","-0.04%"
"11/23/2016","1.0556","1.0627","1.0645","1.0525","","-0.64%"
"11/22/2016","1.0624","1.0629","1.0660","1.0583","","-0.03%"
"11/21/2016","1.0627","1.0585","1.0650","1.0578","","0.40%"
"11/18/2016","1.0585","1.0625","1.0644","1.0568","","-0.38%"
"11/17/2016","1.0625","1.0691","1.0747","1.0618","","-0.56%"
"11/16/2016","1.0685","1.0722","1.0761","1.0665","","-0.33%"
"11/15/2016","1.0720","1.0737","1.0818","1.0712","","-0.13%"
"11/14/2016","1.0734","1.0852","1.0852","1.0707","","-1.07%"
"11/11/2016","1.0850","1.0894","1.0925","1.0829","","-0.36%"
"11/10/2016","1.0889","1.0909","1.0957","1.0864","","-0.18%"
"11/09/2016","1.0909","1.1026","1.1301","1.0905","","-1.03%"
"11/08/2016","1.1023","1.1041","1.1068","1.1007","","-0.14%"
"11/07/2016","1.1038","1.1136","1.1139","1.1027","","-0.87%"
"11/04/2016","1.1135","1.1105","1.1146","1.1079","","0.29%"
"11/03/2016","1.1103","1.1098","1.1127","1.1059","","0.08%"
"11/02/2016","1.1094","1.1057","1.1124","1.1049","","0.37%"
"11/01/2016","1.1053","1.0981","1.1071","1.0958","","0.67%"
"10/31/2016","1.0979","1.0987","1.0994","1.0935","","-0.04%"
"10/28/2016","1.0983","1.0897","1.0993","1.0890","","0.82%"
"10/27/2016","1.0894","1.0909","1.0943","1.0882","","-0.12%"
"10/26/2016","1.0907","1.0889","1.0947","1.0871","","0.19%"
"10/25/2016","1.0886","1.0882","1.0906","1.0850","","0.06%"
"10/24/2016","1.0880","1.0880","1.0901","1.0859","","-0.02%"
"10/21/2016","1.0882","1.0930","1.0934","1.0858","","-0.42%"
"10/20/2016","1.0928","1.0974","1.1041","1.0915","","-0.40%"
"10/19/2016","1.0972","1.0981","1.1006","1.0954","","-0.05%"
"10/18/2016","1.0978","1.1000","1.1027","1.0968","","-0.17%"
"10/17/2016","1.0997","1.0974","1.1010","1.0963","","0.26%"
"10/14/2016","1.0969","1.1056","1.1061","1.0968","","-0.79%"
"10/13/2016","1.1056","1.1008","1.1060","1.0984","","0.45%"
"10/12/2016","1.1006","1.1054","1.1071","1.1003","","-0.43%"
"10/11/2016","1.1053","1.1139","1.1146","1.1048","","-0.75%"
"10/10/2016","1.1137","1.1197","1.1204","1.1129","","-0.55%"
"10/07/2016","1.1199","1.1151","1.1208","1.1103","","0.45%"
"10/06/2016","1.1149","1.1205","1.1214","1.1139","","-0.47%"
"10/05/2016","1.1202","1.1204","1.1235","1.1189","","0.00%"
"10/04/2016","1.1202","1.1211","1.1240","1.1136","","-0.06%"
"10/03/2016","1.1209","1.1236","1.1245","1.1205","","-0.26%"
"09/30/2016","1.1238","1.1223","1.1251","1.1151","","0.15%"
"09/29/2016","1.1221","1.1217","1.1250","1.1196","","0.06%"
"09/28/2016","1.1214","1.1215","1.1237","1.1181","","0.01%"
"09/27/2016","1.1213","1.1252","1.1263","1.1189","","-0.36%"
"09/26/2016","1.1253","1.1226","1.1280","1.1220","","0.28%"
"09/23/2016","1.1222","1.1206","1.1242","1.1192","","0.13%"
"09/22/2016","1.1207","1.1195","1.1258","1.1183","","0.20%"
"09/21/2016","1.1185","1.1151","1.1197","1.1121","","0.30%"
"09/20/2016","1.1152","1.1178","1.1214","1.1146","","-0.19%"
"09/19/2016","1.1173","1.1162","1.1199","1.1148","","0.18%"
"09/16/2016","1.1153","1.1244","1.1256","1.1147","","-0.78%"
"09/15/2016","1.1241","1.1250","1.1285","1.1218","","-0.07%"
"09/14/2016","1.1249","1.1219","1.1275","1.1208","","0.29%"
"09/13/2016","1.1217","1.1235","1.1261","1.1202","","-0.13%"
"09/12/2016","1.1232","1.1233","1.1269","1.1210","","0.03%"
"09/09/2016","1.1229","1.1261","1.1287","1.1198","","-0.26%"
"09/08/2016","1.1258","1.1239","1.1328","1.1233","","0.19%"
"09/07/2016","1.1237","1.1255","1.1270","1.1228","","-0.13%"
"09/06/2016","1.1252","1.1147","1.1265","1.1139","","0.97%"
"09/05/2016","1.1144","1.1153","1.1184","1.1139","","-0.08%"
"09/02/2016","1.1153","1.1197","1.1252","1.1149","","-0.38%"
"09/01/2016","1.1196","1.1158","1.1207","1.1127","","0.36%"
"08/31/2016","1.1156","1.1143","1.1167","1.1123","","0.13%"
"08/30/2016","1.1141","1.1189","1.1198","1.1130","","-0.42%"
"08/29/2016","1.1188","1.1194","1.1208","1.1157","","-0.06%"
"08/26/2016","1.1195","1.1283","1.1342","1.1179","","-0.74%"
"08/25/2016","1.1279","1.1264","1.1298","1.1256","","0.16%"
"08/24/2016","1.1261","1.1306","1.1315","1.1244","","-0.37%"
"08/23/2016","1.1303","1.1320","1.1355","1.1301","","-0.11%"
"08/22/2016","1.1315","1.1304","1.1332","1.1271","","-0.09%"
"08/19/2016","1.1325","1.1353","1.1365","1.1303","","-0.24%"
"08/18/2016","1.1352","1.1292","1.1367","1.1283","","0.58%"
"08/17/2016","1.1286","1.1279","1.1317","1.1241","","0.09%"
"08/16/2016","1.1276","1.1183","1.1323","1.1174","","0.83%"
"08/15/2016","1.1183","1.1164","1.1204","1.1153","","0.22%"
"08/12/2016","1.1158","1.1138","1.1222","1.1128","","0.21%"
"08/11/2016","1.1135","1.1177","1.1193","1.1134","","-0.35%"
"08/10/2016","1.1174","1.1117","1.1191","1.1102","","0.51%"
"08/09/2016","1.1117","1.1088","1.1123","1.1069","","0.24%"
"08/08/2016","1.1090","1.1087","1.1106","1.1071","","0.05%"
"08/05/2016","1.1085","1.1129","1.1163","1.1045","","-0.39%"
"08/04/2016","1.1128","1.1150","1.1157","1.1113","","-0.17%"
"08/03/2016","1.1147","1.1224","1.1233","1.1139","","-0.69%"
"08/02/2016","1.1225","1.1162","1.1235","1.1155","","0.59%"
"08/01/2016","1.1159","1.1177","1.1185","1.1154","","-0.10%"
"07/29/2016","1.1170","1.1078","1.1198","1.1069","","0.87%"
"07/28/2016","1.1074","1.1058","1.1120","1.1048","","0.17%"
"07/27/2016","1.1055","1.0986","1.1066","1.0961","","0.63%"
"07/26/2016","1.0986","1.0997","1.1030","1.0978","","-0.04%"
"07/25/2016","1.0990","1.0970","1.1000","1.0951","","0.15%"
"07/22/2016","1.0973","1.1029","1.1042","1.0953","","-0.45%"
"07/21/2016","1.1023","1.1013","1.1060","1.0980","","0.09%"
"07/20/2016","1.1013","1.1022","1.1031","1.0981","","-0.07%"
"07/19/2016","1.1021","1.1075","1.1087","1.1000","","-0.45%"
"07/18/2016","1.1071","1.1043","1.1085","1.1037","","0.34%"
"07/15/2016","1.1034","1.1119","1.1149","1.1024","","-0.76%"
"07/14/2016","1.1118","1.1090","1.1166","1.1085","","0.27%"
"07/13/2016","1.1088","1.1061","1.1121","1.1042","","0.28%"
"07/12/2016","1.1057","1.1058","1.1127","1.1050","","0.01%"
"07/11/2016","1.1056","1.1052","1.1075","1.1015","","0.04%"
"07/08/2016","1.1052","1.1062","1.1114","1.1001","","-0.06%"
"07/07/2016","1.1059","1.1101","1.1111","1.1050","","-0.36%"
"07/06/2016","1.1099","1.1076","1.1113","1.1029","","0.22%"
"07/05/2016","1.1075","1.1155","1.1185","1.1061","","-0.71%"
"07/04/2016","1.1154","1.1142","1.1166","1.1096","","0.17%"
"07/01/2016","1.1135","1.1106","1.1170","1.1071","","0.28%"
"06/30/2016","1.1104","1.1125","1.1156","1.1024","","-0.17%"
"06/29/2016","1.1123","1.1065","1.1131","1.1048","","0.52%"
"06/28/2016","1.1065","1.1026","1.1112","1.1008","","0.39%"
"06/27/2016","1.1022","1.1073","1.1086","1.0970","","-0.84%"
"06/24/2016","1.1115","1.1391","1.1435","1.0911","","-2.37%"
"06/23/2016","1.1385","1.1297","1.1423","1.1295","","0.80%"
"06/22/2016","1.1295","1.1242","1.1338","1.1236","","0.49%"
"06/21/2016","1.1240","1.1314","1.1351","1.1241","","-0.62%"
"06/20/2016","1.1310","1.1283","1.1384","1.1283","","0.32%"
"06/17/2016","1.1274","1.1225","1.1298","1.1220","","0.45%"
"06/16/2016","1.1223","1.1259","1.1296","1.1130","","-0.30%"
"06/15/2016","1.1257","1.1207","1.1300","1.1189","","0.46%"
"06/14/2016","1.1206","1.1292","1.1304","1.1188","","-0.74%"
"06/13/2016","1.1290","1.1253","1.1304","1.1233","","0.36%"
"06/10/2016","1.1249","1.1317","1.1329","1.1245","","-0.57%"
"06/09/2016","1.1314","1.1400","1.1416","1.1305","","-0.68%"
"06/08/2016","1.1392","1.1358","1.1412","1.1349","","0.32%"
"06/07/2016","1.1356","1.1355","1.1382","1.1338","","0.04%"
"06/06/2016","1.1351","1.1351","1.1393","1.1326","","-0.12%"
"06/03/2016","1.1365","1.1151","1.1378","1.1136","","1.94%"
"06/02/2016","1.1149","1.1189","1.1221","1.1142","","-0.32%"
"06/01/2016","1.1185","1.1132","1.1197","1.1113","","0.50%"
"05/31/2016","1.1129","1.1139","1.1174","1.1121","","-0.13%"
"05/30/2016","1.1144","1.1117","1.1148","1.1098","","0.27%"
"05/27/2016","1.1114","1.1194","1.1202","1.1107","","-0.70%"
"05/26/2016","1.1192","1.1155","1.1218","1.1144","","0.35%"
"05/25/2016","1.1153","1.1141","1.1168","1.1128","","0.12%"
"05/24/2016","1.1140","1.1221","1.1228","1.1131","","-0.68%"
"05/23/2016","1.1216","1.1217","1.1244","1.1186","","-0.05%"
"05/20/2016","1.1222","1.1203","1.1239","1.1193","","0.18%"
"05/19/2016","1.1202","1.1217","1.1231","1.1180","","-0.12%"
"05/18/2016","1.1215","1.1314","1.1327","1.1212","","-0.85%"
"05/17/2016","1.1311","1.1321","1.1349","1.1302","","-0.04%"
"05/16/2016","1.1316","1.1310","1.1344","1.1301","","0.10%"
"05/13/2016","1.1305","1.1377","1.1382","1.1282","","-0.62%"
"05/12/2016","1.1375","1.1426","1.1434","1.1368","","-0.44%"
"05/11/2016","1.1425","1.1372","1.1448","1.1368","","0.50%"
"05/10/2016","1.1368","1.1383","1.1410","1.1358","","-0.11%"
"05/09/2016","1.1381","1.1402","1.1421","1.1374","","-0.18%"
"05/06/2016","1.1402","1.1409","1.1479","1.1386","","-0.02%"
"05/05/2016","1.1404","1.1488","1.1496","1.1385","","-0.71%"
"05/04/2016","1.1485","1.1496","1.1530","1.1467","","-0.09%"
"05/03/2016","1.1495","1.1535","1.1616","1.1494","","-0.29%"
"05/02/2016","1.1529","1.1446","1.1538","1.1445","","0.65%"
"04/29/2016","1.1454","1.1353","1.1461","1.1335","","0.91%"
"04/28/2016","1.1351","1.1322","1.1369","1.1295","","0.28%"
"04/27/2016","1.1319","1.1299","1.1363","1.1273","","0.19%"
"04/26/2016","1.1298","1.1266","1.1339","1.1256","","0.31%"
"04/25/2016","1.1263","1.1230","1.1279","1.1216","","0.29%"
"04/22/2016","1.1230","1.1288","1.1309","1.1218","","-0.50%"
"04/21/2016","1.1286","1.1297","1.1395","1.1271","","-0.08%"
"04/20/2016","1.1295","1.1357","1.1388","1.1289","","-0.54%"
"04/19/2016","1.1356","1.1314","1.1386","1.1302","","0.39%"
"04/18/2016","1.1312","1.1297","1.1333","1.1273","","0.28%"
"04/15/2016","1.1280","1.1269","1.1318","1.1245","","0.12%"
"04/14/2016","1.1266","1.1274","1.1296","1.1233","","-0.05%"
"04/13/2016","1.1272","1.1386","1.1393","1.1267","","-0.98%"
"04/12/2016","1.1384","1.1408","1.1466","1.1347","","-0.19%"
"04/11/2016","1.1406","1.1408","1.1448","1.1372","","0.06%"
"04/08/2016","1.1399","1.1378","1.1420","1.1349","","0.21%"
"04/07/2016","1.1375","1.1399","1.1454","1.1336","","-0.19%"
"04/06/2016","1.1397","1.1385","1.1433","1.1326","","0.13%"
"04/05/2016","1.1382","1.1389","1.1406","1.1336","","-0.07%"
"04/04/2016","1.1390","1.1393","1.1414","1.1357","","0.04%"
"04/01/2016","1.1386","1.1381","1.1439","1.1334","","0.07%"
"03/31/2016","1.1378","1.1337","1.1412","1.1309","","0.37%"
"03/30/2016","1.1336","1.1290","1.1365","1.1281","","0.42%"
"03/29/2016","1.1289","1.1197","1.1305","1.1168","","0.86%"
"03/28/2016","1.1193","1.1164","1.1220","1.1153","","0.27%"
"03/25/2016","1.1163","1.1175","1.1189","1.1152","","-0.09%"
"03/24/2016","1.1173","1.1181","1.1189","1.1144","","-0.09%"
"03/23/2016","1.1183","1.1219","1.1226","1.1159","","-0.28%"
"03/22/2016","1.1214","1.1244","1.1261","1.1188","","-0.22%"
"03/21/2016","1.1239","1.1270","1.1286","1.1234","","-0.25%"
"03/18/2016","1.1267","1.1318","1.1338","1.1256","","-0.44%"
"03/17/2016","1.1317","1.1224","1.1343","1.1205","","0.85%"
"03/16/2016","1.1222","1.1109","1.1243","1.1056","","1.03%"
"03/15/2016","1.1108","1.1103","1.1126","1.1071","","0.04%"
"03/14/2016","1.1104","1.1151","1.1176","1.1075","","-0.41%"
"03/11/2016","1.1150","1.1177","1.1210","1.1080","","-0.23%"
"03/10/2016","1.1176","1.0999","1.1218","1.0822","","1.63%"
"03/09/2016","1.0997","1.1011","1.1036","1.0945","","-0.11%"
"03/08/2016","1.1009","1.1014","1.1059","1.0992","","-0.03%"
"03/07/2016","1.1012","1.1008","1.1027","1.0940","","0.10%"
"03/04/2016","1.1001","1.0957","1.1044","1.0903","","0.42%"
"03/03/2016","1.0955","1.0869","1.0973","1.0852","","0.82%"
"03/02/2016","1.0866","1.0868","1.0881","1.0825","","0.02%"
"03/01/2016","1.0864","1.0872","1.0894","1.0833","","-0.06%"
"02/29/2016","1.0871","1.0932","1.0964","1.0858","","-0.55%"
"02/26/2016","1.0931","1.1019","1.1069","1.0911","","-0.82%"
"02/25/2016","1.1021","1.1014","1.1051","1.0987","","0.09%"
"02/24/2016","1.1011","1.1020","1.1047","1.0957","","-0.05%"
"02/23/2016","1.1017","1.1029","1.1053","1.0989","","-0.08%"
"02/22/2016","1.1026","1.1128","1.1136","1.1002","","-0.95%"
"02/19/2016","1.1132","1.1107","1.1140","1.1065","","0.26%"
"02/18/2016","1.1103","1.1128","1.1151","1.1069","","-0.22%"
"02/17/2016","1.1127","1.1144","1.1180","1.1105","","-0.13%"
"02/16/2016","1.1141","1.1155","1.1194","1.1122","","-0.11%"
"02/15/2016","1.1153","1.1252","1.1254","1.1127","","-0.93%"
"02/12/2016","1.1258","1.1329","1.1334","1.1214","","-0.56%"
"02/11/2016","1.1321","1.1290","1.1376","1.1273","","0.28%"
"02/10/2016","1.1289","1.1294","1.1311","1.1160","","-0.02%"
"02/09/2016","1.1291","1.1198","1.1338","1.1163","","0.86%"
"02/08/2016","1.1195","1.1158","1.1217","1.1086","","0.35%"
"02/05/2016","1.1156","1.1208","1.1246","1.1108","","-0.45%"
"02/04/2016","1.1206","1.1104","1.1240","1.1069","","0.93%"
"02/03/2016","1.1103","1.0919","1.1147","1.0903","","1.71%"
"02/02/2016","1.0916","1.0889","1.0941","1.0884","","0.28%"
"02/01/2016","1.0886","1.0833","1.0913","1.0814","","0.48%"
"01/29/2016","1.0834","1.0939","1.0949","1.0810","","-0.94%"
"01/28/2016","1.0937","1.0892","1.0968","1.0869","","0.42%"
"01/27/2016","1.0891","1.0871","1.0917","1.0850","","0.20%"
"01/26/2016","1.0869","1.0849","1.0875","1.0819","","0.20%"
"01/25/2016","1.0847","1.0799","1.0858","1.0788","","0.49%"
"01/22/2016","1.0794","1.0875","1.0878","1.0789","","-0.72%"
"01/21/2016","1.0872","1.0892","1.0922","1.0778","","-0.16%"
"01/20/2016","1.0889","1.0909","1.0977","1.0877","","-0.15%"
"01/19/2016","1.0905","1.0892","1.0940","1.0860","","0.14%"
"01/18/2016","1.0890","1.0919","1.0941","1.0868","","-0.22%"
"01/15/2016","1.0914","1.0865","1.0985","1.0854","","0.46%"
"01/14/2016","1.0864","1.0881","1.0946","1.0834","","-0.08%"
"01/13/2016","1.0873","1.0858","1.0889","1.0805","","0.18%"
"01/12/2016","1.0854","1.0859","1.0902","1.0819","","-0.05%"
"01/11/2016","1.0859","1.0925","1.0970","1.0848","","-0.64%"
"01/08/2016","1.0929","1.0933","1.0936","1.0803","","-0.05%"
"01/07/2016","1.0934","1.0781","1.0942","1.0770","","1.45%"
"01/06/2016","1.0778","1.0748","1.0801","1.0719","","0.30%"
"01/05/2016","1.0746","1.0831","1.0840","1.0710","","-0.77%"
"01/04/2016","1.0829","1.0859","1.0947","1.0781","","-0.27%"
"01/01/2016","1.0858","1.0861","1.0869","1.0844","","-0.02%"
"12/31/2015","1.0860","1.0934","1.0939","1.0850","","-0.63%"
"12/30/2015","1.0929","1.0920","1.0945","1.0902","","0.11%"
"12/29/2015","1.0917","1.0968","1.0993","1.0899","","-0.44%"
"12/28/2015","1.0965","1.0965","1.0993","1.0951","","-0.07%"
"12/25/2015","1.0973","1.0972","1.0978","1.0942","","0.04%"
"12/24/2015","1.0969","1.0912","1.0974","1.0900","","0.55%"
"12/23/2015","1.0909","1.0958","1.0959","1.0870","","-0.41%"
"12/22/2015","1.0954","1.0917","1.0986","1.0902","","0.38%"
"12/21/2015","1.0912","1.0864","1.0940","1.0848","","0.43%"
"12/18/2015","1.0865","1.0827","1.0876","1.0804","","0.37%"
"12/17/2015","1.0825","1.0915","1.0917","1.0801","","-0.79%"
"12/16/2015","1.0911","1.0935","1.1009","1.0888","","-0.15%"
"12/15/2015","1.0927","1.0992","1.1061","1.0904","","-0.57%"
"12/14/2015","1.0990","1.0986","1.1050","1.0945","","0.03%"
"12/11/2015","1.0987","1.0944","1.1031","1.0925","","0.43%"
"12/10/2015","1.0940","1.1028","1.1030","1.0925","","-0.77%"
"12/09/2015","1.1025","1.0892","1.1043","1.0878","","1.21%"
"12/08/2015","1.0893","1.0838","1.0903","1.0827","","0.54%"
"12/07/2015","1.0835","1.0862","1.0888","1.0795","","-0.45%"
"12/04/2015","1.0884","1.0940","1.0957","1.0835","","-0.49%"
"12/03/2015","1.0938","1.0615","1.0982","1.0539","","3.08%"
"12/02/2015","1.0611","1.0633","1.0642","1.0551","","-0.19%"
"12/01/2015","1.0631","1.0568","1.0640","1.0562","","0.64%"
"11/30/2015","1.0563","1.0592","1.0598","1.0557","","-0.25%"
"11/27/2015","1.0590","1.0610","1.0639","1.0568","","-0.18%"
"11/26/2015","1.0609","1.0627","1.0634","1.0599","","-0.16%"
"11/25/2015","1.0626","1.0644","1.0690","1.0566","","-0.13%"
"11/24/2015","1.0640","1.0637","1.0675","1.0621","","0.06%"
"11/23/2015","1.0634","1.0646","1.0658","1.0593","","-0.08%"
"11/20/2015","1.0643","1.0734","1.0745","1.0639","","-0.83%"
"11/19/2015","1.0732","1.0659","1.0764","1.0654","","0.69%"
"11/18/2015","1.0658","1.0643","1.0694","1.0617","","0.16%"
"11/17/2015","1.0641","1.0689","1.0695","1.0629","","-0.40%"
"11/16/2015","1.0684","1.0753","1.0780","1.0673","","-0.86%"
"11/13/2015","1.0777","1.0814","1.0818","1.0713","","-0.37%"
"11/12/2015","1.0817","1.0744","1.0830","1.0690","","0.69%"
"11/11/2015","1.0743","1.0724","1.0774","1.0705","","0.19%"
"11/10/2015","1.0723","1.0751","1.0764","1.0673","","-0.24%"
"11/09/2015","1.0749","1.0738","1.0791","1.0719","","0.10%"
"11/06/2015","1.0738","1.0884","1.0894","1.0707","","-1.31%"
"11/05/2015","1.0881","1.0866","1.0898","1.0833","","0.17%"
"11/04/2015","1.0862","1.0965","1.0970","1.0843","","-0.95%"
"11/03/2015","1.0966","1.1016","1.1031","1.0936","","-0.43%"
"11/02/2015","1.1013","1.1016","1.1053","1.1001","","0.07%"
"10/30/2015","1.1005","1.0978","1.1073","1.0966","","0.26%"
"10/29/2015","1.0976","1.0925","1.0986","1.0904","","0.51%"
"10/28/2015","1.0920","1.1052","1.1096","1.0894","","-1.16%"
"10/27/2015","1.1048","1.1059","1.1080","1.1029","","-0.07%"
"10/26/2015","1.1056","1.1009","1.1069","1.0989","","0.38%"
"10/23/2015","1.1014","1.1109","1.1141","1.0993","","-0.83%"
"10/22/2015","1.1106","1.1339","1.1352","1.1100","","-2.03%"
"10/21/2015","1.1336","1.1347","1.1378","1.1333","","-0.07%"
"10/20/2015","1.1344","1.1328","1.1388","1.1323","","0.18%"
"10/19/2015","1.1324","1.1351","1.1380","1.1306","","-0.19%"
"10/16/2015","1.1346","1.1383","1.1399","1.1334","","-0.32%"
"10/15/2015","1.1382","1.1473","1.1496","1.1363","","-0.79%"
"10/14/2015","1.1473","1.1378","1.1491","1.1375","","0.85%"
"10/13/2015","1.1376","1.1355","1.1412","1.1344","","0.18%"
"10/12/2015","1.1355","1.1357","1.1397","1.1353","","0.01%"
"10/09/2015","1.1354","1.1279","1.1388","1.1267","","0.67%"
"10/08/2015","1.1278","1.1238","1.1327","1.1232","","0.38%"
"10/07/2015","1.1235","1.1273","1.1285","1.1211","","-0.29%"
"10/06/2015","1.1268","1.1191","1.1281","1.1171","","0.74%"
"10/05/2015","1.1185","1.1223","1.1290","1.1172","","-0.21%"
"10/02/2015","1.1209","1.1197","1.1319","1.1149","","0.13%"
"10/01/2015","1.1194","1.1176","1.1210","1.1134","","0.16%"
"09/30/2015","1.1176","1.1248","1.1263","1.1157","","-0.61%"
"09/29/2015","1.1245","1.1246","1.1283","1.1193","","0.02%"
"09/28/2015","1.1243","1.1195","1.1249","1.1147","","0.44%"
"09/25/2015","1.1194","1.1230","1.1233","1.1115","","-0.31%"
"09/24/2015","1.1229","1.1186","1.1296","1.1165","","0.39%"
"09/23/2015","1.1185","1.1121","1.1214","1.1105","","0.60%"
"09/22/2015","1.1118","1.1189","1.1208","1.1113","","-0.61%"
"09/21/2015","1.1186","1.1285","1.1330","1.1181","","-1.05%"
"09/18/2015","1.1305","1.1437","1.1461","1.1268","","-1.14%"
"09/17/2015","1.1435","1.1290","1.1443","1.1284","","1.29%"
"09/16/2015","1.1289","1.1270","1.1321","1.1213","","0.20%"
"09/15/2015","1.1266","1.1313","1.1330","1.1258","","-0.46%"
"09/14/2015","1.1318","1.1339","1.1374","1.1283","","-0.19%"
"09/11/2015","1.1339","1.1280","1.1351","1.1254","","0.56%"
"09/10/2015","1.1276","1.1208","1.1296","1.1172","","0.64%"
"09/09/2015","1.1204","1.1203","1.1218","1.1130","","0.04%"
"09/08/2015","1.1199","1.1170","1.1229","1.1152","","0.29%"
"09/07/2015","1.1167","1.1159","1.1179","1.1122","","0.19%"
"09/04/2015","1.1146","1.1124","1.1183","1.1089","","0.22%"
"09/03/2015","1.1121","1.1227","1.1245","1.1087","","-0.94%"
"09/02/2015","1.1226","1.1315","1.1322","1.1216","","-0.80%"
"09/01/2015","1.1317","1.1211","1.1333","1.1205","","0.95%"
"08/31/2015","1.1211","1.1176","1.1263","1.1161","","0.29%"
"08/28/2015","1.1179","1.1247","1.1311","1.1155","","-0.57%"
"08/27/2015","1.1243","1.1314","1.1365","1.1203","","-0.64%"
"08/26/2015","1.1315","1.1517","1.1562","1.1290","","-1.73%"
"08/25/2015","1.1514","1.1620","1.1624","1.1397","","-0.90%"
"08/24/2015","1.1618","1.1363","1.1712","1.1363","","2.03%"
"08/21/2015","1.1387","1.1245","1.1393","1.1227","","1.30%"
"08/20/2015","1.1241","1.1119","1.1247","1.1106","","1.12%"
"08/19/2015","1.1117","1.1022","1.1136","1.1018","","0.90%"
"08/18/2015","1.1018","1.1081","1.1094","1.1017","","-0.56%"
"08/17/2015","1.1080","1.1107","1.1126","1.1059","","-0.23%"
"08/14/2015","1.1106","1.1149","1.1189","1.1098","","-0.38%"
"08/13/2015","1.1148","1.1157","1.1189","1.1080","","-0.07%"
"08/12/2015","1.1156","1.1041","1.1214","1.1025","","1.05%"
"08/11/2015","1.1040","1.1020","1.1089","1.0960","","0.22%"
"08/10/2015","1.1016","1.0969","1.1043","1.0925","","0.47%"
"08/07/2015","1.0965","1.0928","1.0979","1.0856","","0.38%"
"08/06/2015","1.0923","1.0909","1.0943","1.0875","","0.17%"
"08/05/2015","1.0904","1.0882","1.0937","1.0848","","0.22%"
"08/04/2015","1.0880","1.0953","1.0989","1.0878","","-0.63%"
"08/03/2015","1.0949","1.0970","1.0997","1.0941","","-0.35%"
"07/31/2015","1.0987","1.0935","1.1114","1.0921","","0.51%"
"07/30/2015","1.0931","1.0987","1.0991","1.0893","","-0.48%"
"07/29/2015","1.0984","1.1060","1.1085","1.0966","","-0.67%"
"07/28/2015","1.1058","1.1088","1.1101","1.1022","","-0.30%"
"07/27/2015","1.1091","1.0974","1.1130","1.0968","","0.99%"
"07/24/2015","1.0982","1.0983","1.0997","1.0925","","0.01%"
"07/23/2015","1.0981","1.0929","1.1020","1.0921","","0.44%"
"07/22/2015","1.0933","1.0937","1.0967","1.0870","","-0.03%"
"07/21/2015","1.0936","1.0825","1.0970","1.0812","","1.03%"
"07/20/2015","1.0825","1.0833","1.0871","1.0809","","-0.03%"
"07/17/2015","1.0828","1.0875","1.0907","1.0827","","-0.42%"
"07/16/2015","1.0874","1.0948","1.0964","1.0856","","-0.67%"
"07/15/2015","1.0947","1.1010","1.1035","1.0929","","-0.56%"
"07/14/2015","1.1009","1.1003","1.1082","1.0966","","0.06%"
"07/13/2015","1.1002","1.1105","1.1197","1.0995","","-1.43%"
"07/10/2015","1.1162","1.1038","1.1216","1.1031","","1.14%"
"07/09/2015","1.1036","1.1077","1.1125","1.0991","","-0.35%"
"07/08/2015","1.1075","1.1012","1.1093","1.0974","","0.59%"
"07/07/2015","1.1010","1.1057","1.1061","1.0916","","-0.41%"
"07/06/2015","1.1055","1.0997","1.1096","1.0968","","-0.51%"
"07/03/2015","1.1112","1.1085","1.1119","1.1065","","0.26%"
"07/02/2015","1.1083","1.1054","1.1124","1.1031","","0.28%"
"07/01/2015","1.1052","1.1141","1.1172","1.1042","","-0.75%"
"06/30/2015","1.1135","1.1236","1.1245","1.1112","","-0.89%"
"06/29/2015","1.1235","1.1035","1.1279","1.0955","","0.64%"
"06/26/2015","1.1164","1.1206","1.1221","1.1130","","-0.36%"
"06/25/2015","1.1204","1.1204","1.1229","1.1153","","-0.01%"
"06/24/2015","1.1205","1.1170","1.1236","1.1155","","0.32%"
"06/23/2015","1.1169","1.1341","1.1349","1.1134","","-1.51%"
"06/22/2015","1.1340","1.1364","1.1411","1.1312","","-0.11%"
"06/19/2015","1.1352","1.1359","1.1393","1.1292","","-0.05%"
"06/18/2015","1.1358","1.1336","1.1437","1.1330","","0.20%"
"06/17/2015","1.1335","1.1248","1.1360","1.1213","","0.79%"
"06/16/2015","1.1246","1.1284","1.1330","1.1205","","-0.33%"
"06/15/2015","1.1283","1.1226","1.1296","1.1189","","0.13%"
"06/12/2015","1.1268","1.1258","1.1297","1.1151","","0.10%"
"06/11/2015","1.1257","1.1325","1.1334","1.1183","","-0.59%"
"06/10/2015","1.1324","1.1284","1.1386","1.1260","","0.36%"
"06/09/2015","1.1283","1.1292","1.1346","1.1214","","-0.07%"
"06/08/2015","1.1291","1.1113","1.1309","1.1082","","1.62%"
"06/05/2015","1.1111","1.1238","1.1281","1.1049","","-1.12%"
"06/04/2015","1.1237","1.1275","1.1380","1.1226","","-0.33%"
"06/03/2015","1.1274","1.1151","1.1286","1.1079","","1.09%"
"06/02/2015","1.1152","1.0926","1.1191","1.0915","","2.08%"
"06/01/2015","1.0925","1.0987","1.0990","1.0886","","-0.56%"
"05/29/2015","1.0987","1.0949","1.1006","1.0926","","0.37%"
"05/28/2015","1.0946","1.0905","1.0960","1.0869","","0.39%"
"05/27/2015","1.0903","1.0873","1.0930","1.0819","","0.28%"
"05/26/2015","1.0873","1.0978","1.0987","1.0863","","-0.93%"
"05/25/2015","1.0975","1.1005","1.1010","1.0959","","-0.36%"
"05/22/2015","1.1015","1.1113","1.1209","1.1002","","-0.87%"
"05/21/2015","1.1112","1.1094","1.1183","1.1080","","0.19%"
"05/20/2015","1.1091","1.1149","1.1155","1.1062","","-0.50%"
"05/19/2015","1.1147","1.1315","1.1328","1.1119","","-1.48%"
"05/18/2015","1.1314","1.1443","1.1451","1.1298","","-1.20%"
"05/15/2015","1.1451","1.1410","1.1468","1.1324","","0.38%"
"05/14/2015","1.1408","1.1358","1.1446","1.1340","","0.47%"
"05/13/2015","1.1355","1.1214","1.1384","1.1203","","1.27%"
"05/12/2015","1.1213","1.1155","1.1279","1.1134","","0.53%"
"05/11/2015","1.1154","1.1197","1.1208","1.1130","","-0.44%"
"05/08/2015","1.1203","1.1267","1.1289","1.1179","","-0.55%"
"05/07/2015","1.1265","1.1348","1.1392","1.1237","","-0.76%"
"05/06/2015","1.1351","1.1186","1.1372","1.1175","","1.49%"
"05/05/2015","1.1184","1.1146","1.1222","1.1066","","0.36%"
"05/04/2015","1.1144","1.1202","1.1225","1.1122","","-0.50%"
"05/01/2015","1.1200","1.1224","1.1290","1.1175","","-0.20%"
"04/30/2015","1.1222","1.1129","1.1267","1.1071","","0.84%"
"04/29/2015","1.1129","1.0982","1.1188","1.0959","","1.36%"
"04/28/2015","1.0980","1.0894","1.0991","1.0860","","0.86%"
"04/27/2015","1.0886","1.0872","1.0926","1.0819","","0.13%"
"04/24/2015","1.0872","1.0825","1.0901","1.0784","","0.44%"
"04/23/2015","1.0824","1.0724","1.0846","1.0666","","0.92%"
"04/22/2015","1.0725","1.0737","1.0802","1.0708","","-0.07%"
"04/21/2015","1.0733","1.0740","1.0782","1.0660","","-0.03%"
"04/20/2015","1.0736","1.0823","1.0825","1.0713","","-0.64%"
"04/17/2015","1.0805","1.0762","1.0849","1.0736","","0.42%"
"04/16/2015","1.0760","1.0685","1.0819","1.0625","","0.71%"
"04/15/2015","1.0684","1.0654","1.0702","1.0570","","0.30%"
"04/14/2015","1.0652","1.0567","1.0708","1.0530","","0.81%"
"04/13/2015","1.0566","1.0603","1.0620","1.0520","","-0.34%"
"04/10/2015","1.0602","1.0660","1.0684","1.0568","","-0.53%"
"04/09/2015","1.0658","1.0781","1.0789","1.0637","","-1.12%"
"04/08/2015","1.0779","1.0814","1.0888","1.0764","","-0.31%"
"04/07/2015","1.0813","1.0921","1.0955","1.0803","","-0.99%"
"04/06/2015","1.0921","1.0991","1.1037","1.0911","","-0.50%"
"04/03/2015","1.0976","1.0884","1.1027","1.0863","","0.87%"
"04/02/2015","1.0881","1.0764","1.0905","1.0751","","1.11%"
"04/01/2015","1.0762","1.0736","1.0801","1.0719","","0.30%"
"03/31/2015","1.0730","1.0833","1.0846","1.0713","","-0.94%"
"03/30/2015","1.0832","1.0890","1.0896","1.0810","","-0.51%"
"03/27/2015","1.0887","1.0886","1.0949","1.0801","","0.04%"
"03/26/2015","1.0883","1.0970","1.1052","1.0856","","-0.78%"
"03/25/2015","1.0969","1.0925","1.1016","1.0900","","0.41%"
"03/24/2015","1.0924","1.0946","1.1030","1.0890","","-0.19%"
"03/23/2015","1.0945","1.0839","1.0972","1.0768","","1.16%"
"03/20/2015","1.0820","1.0660","1.0882","1.0650","","1.51%"
"03/19/2015","1.0659","1.0867","1.0915","1.0613","","-1.90%"
"03/18/2015","1.0865","1.0597","1.0993","1.0580","","2.53%"
"03/17/2015","1.0597","1.0568","1.0652","1.0551","","0.29%"
"03/16/2015","1.0566","1.0494","1.0621","1.0457","","0.70%"
"03/13/2015","1.0493","1.0636","1.0639","1.0462","","-1.34%"
"03/12/2015","1.0635","1.0547","1.0684","1.0495","","0.85%"
"03/11/2015","1.0545","1.0698","1.0718","1.0511","","-1.42%"
"03/10/2015","1.0697","1.0852","1.0858","1.0692","","-1.41%"
"03/09/2015","1.0850","1.0833","1.0907","1.0823","","0.06%"
"03/06/2015","1.0843","1.1033","1.1035","1.0842","","-1.68%"
"03/05/2015","1.1028","1.1079","1.1115","1.0987","","-0.44%"
"03/04/2015","1.1077","1.1178","1.1187","1.1062","","-0.87%"
"03/03/2015","1.1174","1.1183","1.1219","1.1154","","-0.08%"
"03/02/2015","1.1183","1.1188","1.1241","1.1160","","-0.09%"
"02/27/2015","1.1193","1.1198","1.1246","1.1176","","-0.03%"
"02/26/2015","1.1196","1.1361","1.1381","1.1183","","-1.45%"
"02/25/2015","1.1361","1.1340","1.1389","1.1335","","0.19%"
"02/24/2015","1.1339","1.1334","1.1360","1.1288","","0.08%"
"02/23/2015","1.1330","1.1383","1.1414","1.1294","","-0.42%"
"02/20/2015","1.1378","1.1368","1.1430","1.1279","","0.11%"
"02/19/2015","1.1366","1.1397","1.1451","1.1355","","-0.25%"
"02/18/2015","1.1395","1.1410","1.1416","1.1334","","-0.13%"
"02/17/2015","1.1410","1.1355","1.1449","1.1321","","0.51%"
"02/16/2015","1.1352","1.1387","1.1430","1.1318","","-0.27%"
"02/13/2015","1.1383","1.1403","1.1443","1.1379","","-0.17%"
"02/12/2015","1.1402","1.1334","1.1424","1.1302","","0.63%"
"02/11/2015","1.1331","1.1321","1.1349","1.1279","","0.11%"
"02/10/2015","1.1319","1.1326","1.1347","1.1273","","-0.04%"
"02/09/2015","1.1323","1.1316","1.1360","1.1270","","0.09%"
"02/06/2015","1.1313","1.1477","1.1488","1.1311","","-1.41%"
"02/05/2015","1.1475","1.1346","1.1500","1.1304","","1.15%"
"02/04/2015","1.1344","1.1481","1.1486","1.1316","","-1.18%"
"02/03/2015","1.1479","1.1343","1.1534","1.1312","","1.23%"
"02/02/2015","1.1340","1.1285","1.1363","1.1280","","0.48%"
"01/30/2015","1.1286","1.1320","1.1364","1.1278","","-0.29%"
"01/29/2015","1.1319","1.1288","1.1369","1.1262","","0.29%"
"01/28/2015","1.1286","1.1380","1.1385","1.1275","","-0.83%"
"01/27/2015","1.1381","1.1239","1.1424","1.1224","","1.28%"
"01/26/2015","1.1237","1.1187","1.1296","1.1099","","0.27%"
"01/23/2015","1.1207","1.1367","1.1375","1.1115","","-1.39%"
"01/22/2015","1.1365","1.1611","1.1648","1.1317","","-2.09%"
"01/21/2015","1.1608","1.1551","1.1675","1.1541","","0.51%"
"01/20/2015","1.1549","1.1606","1.1616","1.1540","","-0.47%"
"01/19/2015","1.1604","1.1550","1.1640","1.1545","","0.32%"
"01/16/2015","1.1567","1.1633","1.1650","1.1460","","-0.52%"
"01/15/2015","1.1628","1.1789","1.1795","1.1568","","-1.37%"
"01/14/2015","1.1789","1.1773","1.1847","1.1728","","0.14%"
"01/13/2015","1.1772","1.1833","1.1860","1.1753","","-0.52%"
"01/12/2015","1.1833","1.1838","1.1872","1.1786","","-0.05%"
"01/09/2015","1.1839","1.1793","1.1847","1.1762","","0.40%"
"01/08/2015","1.1792","1.1839","1.1849","1.1754","","-0.38%"
"01/07/2015","1.1837","1.1890","1.1898","1.1801","","-0.43%"
"01/06/2015","1.1888","1.1933","1.1970","1.1884","","-0.36%"
"01/05/2015","1.1931","1.2003","1.2008","1.1881","","-0.58%"
"01/02/2015","1.2000","1.2104","1.2110","1.2001","","-0.84%"
"01/01/2015","1.2102","1.2098","1.2107","1.2094","","0.04%"